1341845824.2981 -0 -0 -0 0 0 0 1
1341845824.33379 0.00259954615 -0.00499315084 0.00303128807 0.00240155875 -0.00379940722 -0.00112135076 0.99998927
1341845824.36584 0.00390001015 -0.00468059033 -0.00220687838 0.00441334895 -0.00344661219 -0.00205454857 0.999982211
1341845824.39805 -0.0101089287 -0.00774240279 -0.00546022732 0.00277145609 -0.0031695282 -0.00333426792 0.999985578
1341845824.43411 -0.0157635401 -0.00660331028 -0.00760094771 0.00351003111 -0.0070176262 -0.00236779122 0.999966413
1341845824.46611 -0.0165783647 -0.00897380897 -0.00884171439 0.00477407812 -0.0112068077 0.00232454846 0.999923103
1341845824.50181 -0.0214345715 -0.00468334131 -0.00837807231 0.00458198843 -0.0130337085 0.00725209519 0.99987826
1341845824.53373 -0.0302300696 -0.0041133883 -0.0084934298 0.00244030684 -0.0149403232 0.0110751591 0.999824071
1341845824.56575 -0.0347713429 -0.00487711013 -0.00597715222 0.000295290149 -0.0176550924 0.0141128355 0.999744487
1341845824.60176 -0.0397736332 -0.00596138825 -0.00700707153 -0.000255290279 -0.0194495081 0.0179225978 0.999650155
1341845824.63387 -0.0460074177 -0.0052144983 -0.00779811347 -0.000985493082 -0.0210384075 0.0219143857 0.99953798
1341845824.6658 -0.0496957123 -0.00766219773 -0.0100863392 -0.00148111915 -0.0230721914 0.025080471 0.999418056
1341845824.70178 -0.0619859859 -0.00767908831 -0.00788504656 -0.000907614661 -0.0248941671 0.0268070451 0.999330195
1341845824.73361 -0.0626569421 -0.00649298881 -0.00971158433 0.00051859311 -0.0277515847 0.0283969882 0.999211285
1341845824.76965 -0.0753105343 0.00643340135 -0.0146786265 0.000328391294 -0.0279271688 0.0289291293 0.999191208
1341845824.80164 -0.0844167441 -0.00435553832 -0.0183230975 -0.00514618266 -0.0310323529 0.027097464 0.999137747
1341845824.83388 -0.0816938599 -0.0159581362 -0.0212717963 -0.00441714467 -0.0339979043 0.0278832837 0.9990231
1341845824.86994 -0.0854347895 -0.0108839951 -0.0204383992 -0.000537620654 -0.0339141494 0.0299075436 0.998977017
1341845824.90208 -0.0939297292 -0.00729549878 -0.0247620413 -0.00111893963 -0.0344241644 0.0289646371 0.998986874
1341845824.93377 -0.0962048919 -0.0130469874 -0.0221087793 -0.00120814189 -0.0347641494 0.0257743903 0.999062398
1341845824.96987 -0.094776438 -0.00654954103 -0.0250297717 -0.000189860891 -0.0335536779 0.0243433555 0.999140388
1341845825.00185 -0.0979920928 -0.00853748 -0.0248372366 -0.00214891976 -0.030749166 0.0241590328 0.999232812
1341845825.03819 -0.106785106 -0.0136272991 -0.0260673543 -0.00262880281 -0.0273207387 0.0228900275 0.999361153
1341845825.07586 -0.117512124 -0.0216408591 -0.023306476 -0.000864064062 -0.0273006512 0.0245017431 0.999326569
1341845825.10796 -0.114618827 -0.0231034806 -0.0236742065 0.00494887745 -0.0282443124 0.0273488312 0.999214596
1341845825.14368 -0.116400604 -0.0184694527 -0.0252682631 0.00824390475 -0.0267261037 0.0248717875 0.999299328
1341845825.17572 -0.127298471 -0.0206903 -0.0254665598 0.00858890734 -0.0243509223 0.0214765203 0.999435852
1341845825.21187 -0.132583329 -0.0259204859 -0.0271802379 0.00923417554 -0.0236401666 0.0215967301 0.999444573
1341845825.24431 -0.135374513 -0.0296903531 -0.027267523 0.011119187 -0.0217549258 0.0227439972 0.999442743
1341845825.2758 -0.14109776 -0.0245520049 -0.0305861405 0.0142266318 -0.0203889125 0.0233115542 0.999419065
1341845825.31169 -0.150140265 -0.0268391244 -0.0291546092 0.0143911326 -0.0213823908 0.0243874007 0.999370273
1341845825.34366 -0.152827888 -0.017763106 -0.0315296422 0.015085777 -0.0231590656 0.0253993208 0.999295227
1341845825.37992 -0.158534989 -0.024412306 -0.0269727505 0.0119894885 -0.0229293548 0.0259474376 0.999328388
1341845825.41194 -0.162158691 -0.0237093827 -0.0296091266 0.0129408119 -0.0243467688 0.0284914115 0.999213696
1341845825.44379 -0.169977464 -0.0177882323 -0.0392793868 0.00961020495 -0.0263131333 0.0287814676 0.99919312
1341845825.48029 -0.175970486 -0.0212085657 -0.0333147374 0.00596728598 -0.0301179429 0.0318041381 0.999022421
1341845825.51165 -0.176003975 -0.0197665961 -0.0296279207 0.00446557201 -0.0341357884 0.0334598225 0.998846959
1341845825.54828 -0.182554585 -0.0194301949 -0.0323544711 0.00210993006 -0.035909613 0.034701905 0.998750132
1341845825.57981 -0.180399083 -0.0244313381 -0.0278138741 0.000534853146 -0.0377533927 0.0387514546 0.998535287
1341845825.61203 -0.181179925 -0.0283259136 -0.032076194 0.00195872427 -0.0392577326 0.0426318812 0.998317343
1341845825.64801 -0.176899063 -0.0251160718 -0.030730922 0.00329937511 -0.03988296 0.0402807805 0.99838666
1341845825.67971 -0.186335724 -0.025082474 -0.0309256676 0.00505434438 -0.03690836 0.0401993984 0.998496988
1341845825.71194 -0.201434373 -0.018520154 -0.0342186373 0.00611948153 -0.0385542666 0.0397937479 0.99844508
1341845825.74763 -0.196947755 -0.0172331326 -0.0343114467 0.00473148508 -0.0417749192 0.0379041356 0.998396587
1341845825.7797 -0.211242365 -0.0167828764 -0.0336880122 0.00179494655 -0.0426963468 0.0349354813 0.998475494
1341845825.81597 -0.218882719 -0.0178051652 -0.0403208225 -0.000272661152 -0.0445964111 0.0300175909 0.99855397
1341845825.84784 -0.227446108 -0.0204663576 -0.0392874971 -0.00235778091 -0.0449783807 0.0286268923 0.998574928
1341845825.87977 -0.232820755 -0.0229462247 -0.0382140861 -0.00313222158 -0.0478725535 0.0297755181 0.998404641
1341845825.91565 -0.231004915 -0.0204343884 -0.0405591159 -0.00272402269 -0.0492667526 0.0303085071 0.998321973
1341845825.94789 -0.239299743 -0.0168588764 -0.0420565102 -0.00302747569 -0.0485138567 0.0314503114 0.998322652
1341845825.97971 -0.238406086 -0.0203998509 -0.0393396145 -0.00406380882 -0.0504916496 0.0353471863 0.998090505
1341845826.01601 -0.240820815 -0.0156956114 -0.039336841 -0.00395988921 -0.0514100157 0.0356563312 0.998033043
1341845826.04795 -0.240367178 -0.022347326 -0.0386832529 -0.00493738649 -0.051930114 0.0358545423 0.997994658
1341845826.07974 -0.247240627 -0.0220924565 -0.0462579898 -0.00382581378 -0.052216594 0.0380002368 0.997905192
1341845826.11568 -0.246089385 -0.0180155004 -0.0373476228 -0.00350631412 -0.0546372096 0.038520129 0.997756824
1341845826.14795 -0.241332851 -0.015980196 -0.0390313799 -0.00291644381 -0.0547118248 0.0337532109 0.997927268
1341845826.18378 -0.250399505 -0.0178560683 -0.042631749 -0.00442519472 -0.0536119542 0.0288353702 0.998135611
1341845826.21579 -0.259248841 -0.0126452886 -0.0372522508 -0.00461621357 -0.0543551066 0.0276895594 0.998126997
1341845826.24774 -0.261981765 -0.0121036882 -0.037324025 -0.00482597707 -0.0549534949 0.0319492602 0.997965965
1341845826.28377 -0.265463928 -0.0122023704 -0.0377879549 -0.00617097037 -0.0573302403 0.037716737 0.997623481
1341845826.31566 -0.266446202 -0.0144816288 -0.0416543506 -0.00663126262 -0.0606694108 0.0387929598 0.99738175
1341845826.34779 -0.273440915 -0.0118708493 -0.0432795869 -0.00744292368 -0.0614307617 0.0383385946 0.997346989
1341845826.38372 -0.273177044 -0.0149024477 -0.0404636351 -0.00904344535 -0.0644257416 0.0396611276 0.997093042
1341845826.41572 -0.272877575 -0.0213349801 -0.0424130346 -0.00975555032 -0.0671318787 0.0419621655 0.996813582
1341845826.44782 -0.273253494 -0.0216788837 -0.0418877628 -0.00872890361 -0.0692834948 0.0409570665 0.996717674
1341845826.48369 -0.277539931 -0.0176283179 -0.0422550065 -0.00868331564 -0.0695678882 0.0403172501 0.996724349
1341845826.51568 -0.279587709 -0.0183554197 -0.0435171276 -0.00892062997 -0.0706577739 0.0437128231 0.996502429
1341845826.55169 -0.274125173 -0.0132826989 -0.0474805827 -0.00964195696 -0.0716149388 0.0419404734 0.996503552
1341845826.58372 -0.277236624 -0.0164379841 -0.0481373662 -0.0115509975 -0.0707409756 0.0402345524 0.996616009
1341845826.6159 -0.281478982 -0.0178933603 -0.0433504981 -0.0131372987 -0.0736700489 0.0442161062 0.996215374
1341845826.65178 -0.277746572 -0.0151604485 -0.0480211135 -0.0127062276 -0.0741258087 0.0471686435 0.996051723
1341845826.68378 -0.282907287 -0.00572847001 -0.0516502431 -0.0146458021 -0.0739489016 0.0444761935 0.9961621
1341845826.71566 -0.282372969 -0.00759786305 -0.0465695567 -0.0188376328 -0.0751366204 0.0400098172 0.996192173
1341845826.7519 -0.283774456 -0.00745686696 -0.0533725113 -0.0226628905 -0.0741854685 0.042403875 0.996084746
1341845826.78372 -0.284078346 -0.00601457037 -0.0463462457 -0.0257068218 -0.0757654026 0.0435702413 0.995841552
1341845826.81972 -0.275797641 0.00478550747 -0.0483953947 -0.0282428658 -0.0743893654 0.0391127915 0.996061621
1341845826.85175 -0.281898598 -0.00340019768 -0.0515383858 -0.0339147286 -0.0711744117 0.0410858561 0.996040133
1341845826.88447 -0.283286913 -0.00170105613 -0.0441504454 -0.0354127924 -0.0726716687 0.0470000575 0.995618279
1341845826.93274 -0.27307491 0.00966620699 -0.051118542 -0.0362944037 -0.0723711399 0.046110146 0.995650033
1341845826.9458 -0.279592402 0.00227597184 -0.0606846662 -0.0457799688 -0.0653100442 0.0381208905 0.996085132
1341845826.98188 -0.28889532 -0.00519697499 -0.0614973323 -0.0502168866 -0.066338787 0.0440641925 0.995558023
1341845827.01376 -0.279987383 0.00883448712 -0.0571255524 -0.0504728109 -0.0675317936 0.0484999451 0.995258613
1341845827.04597 -0.273869766 0.012056195 -0.0733256717 -0.0576061272 -0.0625806562 0.0485326404 0.995193337
1341845827.08294 -0.277789625 0.0042009054 -0.0667149162 -0.0652565114 -0.0601310539 0.0457125155 0.995005633
1341845827.11366 -0.283567039 0.0143191012 -0.044846622 -0.0648615623 -0.0621700485 0.0479208879 0.994802217
1341845827.14591 -0.271319225 0.0354740865 -0.0444760948 -0.063814355 -0.0618848487 0.0472928445 0.994917776
1341845827.18298 -0.277472692 0.0267134604 -0.0419211335 -0.0696383486 -0.0576355192 0.0411814768 0.995054136
1341845827.21464 -0.278847095 0.0181831891 -0.0262385983 -0.0699455479 -0.0576667217 0.0428898483 0.994958607
1341845827.25176 -0.271913661 0.0255620251 -0.0358661065 -0.0656175873 -0.0579126968 0.0467551818 0.995065025
1341845827.26715 -0.261931768 0.0492621214 -0.0461078493 -0.0677426881 -0.0551470171 0.0414830405 0.995313464
1341845827.3139 -0.278910467 0.024641567 -0.0163430841 -0.0759571757 -0.0505207934 0.0412427363 0.994975976
1341845827.34971 -0.271070255 0.0233481932 -0.0313824343 -0.0706462867 -0.0538718657 0.0498569646 0.994797068
1341845827.38256 -0.264108314 0.0316355869 -0.0379067311 -0.0694379297 -0.0539792731 0.0479534214 0.99496989
1341845827.41386 -0.263894204 0.0278093965 -0.0351645211 -0.0713320526 -0.0516353717 0.0440517572 0.995140678
1341845827.44973 -0.272117168 0.0250863699 -0.0189861954 -0.0699168241 -0.0511555231 0.0416504448 0.995369273
1341845827.48924 -0.26824128 0.0201241499 -0.0165524798 -0.0676236141 -0.05360295 0.0448357651 0.995260531
1341845827.55599 -0.264435713 0.0259661029 -0.0213137795 -0.0649290857 -0.0518515316 0.0417602996 0.995666465
1341845827.56962 -0.262865141 0.0215327303 -0.0182307199 -0.0644552449 -0.0524781767 0.0427483422 0.99562249
1341845827.6237 -0.258981108 0.0237885183 -0.0180136499 -0.0614391251 -0.0526891001 0.0456174634 0.995674716
1341845827.65622 -0.247755211 0.0442768428 -0.0194104142 -0.0602616334 -0.052501417 0.0421272691 0.995910352
1341845827.68765 -0.247758483 0.032109974 -0.0152618152 -0.0653764129 -0.0499229243 0.0351476315 0.995991099
1341845827.72373 -0.246671927 0.021984903 -0.00919252313 -0.065378832 -0.0476628918 0.0379065515 0.996000477
1341845827.75579 -0.243734672 0.0292797601 -0.00895128057 -0.0629407329 -0.0468720592 0.0414829539 0.996052528
1341845827.79167 -0.237380784 0.0332028404 -0.00655862952 -0.0624774597 -0.044476559 0.0395126626 0.996271626
1341845827.82385 -0.232993894 0.0269932396 -0.0019841142 -0.063352009 -0.0410127298 0.0395875674 0.996362034
1341845827.85561 -0.236268215 0.0166146538 -0.00741714319 -0.0621379659 -0.0392723462 0.0418277873 0.996417077
1341845827.89171 -0.221853077 0.0178965101 -0.0044122913 -0.0594599926 -0.0377551227 0.0440831178 0.99654189
1341845827.92383 -0.216515883 0.0209977274 -0.00495711112 -0.0584663753 -0.0336977799 0.0427273542 0.996805154
1341845827.95978 -0.218611178 0.0194703313 0.00133118106 -0.0584144994 -0.0303498469 0.042967085 0.996905443
1341845827.99168 -0.207974276 0.0232936828 -0.00202989242 -0.0566550602 -0.0288481135 0.0449575323 0.996963796
1341845828.02373 -0.20034299 0.0292713462 -0.00131271128 -0.0573733781 -0.0250362943 0.044503766 0.997046084
1341845828.05963 -0.199658143 0.0249095938 0.00330852766 -0.058604243 -0.0216731402 0.0447396999 0.997042716
1341845828.09173 -0.198185807 0.0235513777 0.00188797946 -0.0586832466 -0.0193728912 0.045071796 0.997070459
1341845828.12762 -0.194653197 0.0311535265 0.00809924808 -0.0580524985 -0.017858796 0.0454928085 0.99711653
1341845828.15965 -0.183254086 0.0311180425 0.00928465051 -0.0593753722 -0.0166083549 0.0454043662 0.997064276
1341845828.19172 -0.182263701 0.0255470257 0.0126426552 -0.0595793439 -0.0141294349 0.0436251557 0.997169748
1341845828.22765 -0.175238781 0.0273861954 0.0131417978 -0.0582353145 -0.012705591 0.0435208043 0.997272859
1341845828.25979 -0.170095909 0.0303928536 0.0191898744 -0.0577314783 -0.0104082972 0.0471072767 0.997165808
1341845828.29169 -0.165770072 0.025529174 0.0179552148 -0.0568480376 -0.00893153519 0.0492896536 0.997125398
1341845828.32781 -0.162207768 0.0324481544 0.0170894512 -0.0554930301 -0.00719577158 0.0487259001 0.997243466
1341845828.3597 -0.157446601 0.0329958524 0.0186850931 -0.0564892027 -0.00550088573 0.0485717288 0.997205845
1341845828.39593 -0.151461497 0.0312228436 0.0207910341 -0.0564721526 -0.00317414887 0.0496946361 0.997161604
1341845828.42781 -0.147172656 0.0332542439 0.020685842 -0.056308975 -0.00193206489 0.0498252191 0.997167495
1341845828.45967 -0.143678393 0.0346915879 0.0280400135 -0.055831852 -0.000428728974 0.0491646298 0.99722889
1341845828.49578 -0.13508207 0.0400870785 0.0287239482 -0.0544829776 0.00107022349 0.0510267456 0.997209472
1341845828.52769 -0.1350302 0.0453303106 0.0258210497 -0.0557920739 0.00310691317 0.0500377579 0.997182939
1341845828.59578 -0.122965875 0.0416995674 0.029460877 -0.0565277813 0.00501741235 0.0499693637 0.997137151
1341845828.60877 -0.117392513 0.048921471 0.0286583179 -0.0567548689 0.00606161011 0.0495898635 0.997137396
1341845828.65406 -0.112066484 0.0409021753 0.0296651988 -0.0586978194 0.00805069777 0.050026122 0.996989037
1341845828.68969 -0.107826323 0.0420494051 0.0288340551 -0.0573176938 0.00912674152 0.0510906297 0.997006084
1341845828.72188 -0.107087171 0.0457131031 0.0267767925 -0.057562709 0.00962573546 0.0514205374 0.996970315
1341845828.75771 -0.0963893578 0.0455944076 0.0264050453 -0.0580154981 0.00967506951 0.05371097 0.996822816
1341845828.78967 -0.0971273353 0.0458964398 0.0275922997 -0.0573379495 0.0101142356 0.0570933692 0.996669659
1341845828.82193 -0.0902409969 0.0495372401 0.026946379 -0.0569046327 0.00846794036 0.0587766076 0.996611994
1341845828.85779 -0.0847408126 0.0531670536 0.0280803758 -0.0573196833 0.0078380135 0.0596763997 0.996539887
1341845828.88978 -0.0802063282 0.0499437267 0.0264125719 -0.0578763136 0.00757868077 0.060757063 0.996444417
1341845828.92874 -0.0796896496 0.0502292731 0.0270474703 -0.0577730428 0.00690273407 0.0599965854 0.996501399
1341845828.94171 -0.0710868209 0.0507686184 0.0307765238 -0.0572416418 0.00416317509 0.0597787968 0.996560363
1341845828.9897 -0.0673255065 0.0521841402 0.0294305786 -0.0555552248 0.00333255103 0.0591367121 0.996697226
1341845829.02563 -0.0617380895 0.0583497165 0.0252260251 -0.0548531607 0.00192870402 0.0573788015 0.996842557
1341845829.06076 -0.0553968625 0.0566646654 0.0263483823 -0.0559977515 0.00199588177 0.0555009932 0.996885103
1341845829.08974 -0.0511535518 0.0581971103 0.0257792185 -0.055884917 0.00249021487 0.0562445232 0.996848649
1341845829.12577 -0.0435780636 0.0574933437 0.0261809461 -0.0564136688 0.00172275045 0.0563106914 0.996816752
1341845829.15805 -0.0321498163 0.0578313917 0.0279428721 -0.0557138034 0.00235989259 0.0558484222 0.996880814
1341845829.19368 -0.0279127399 0.0500606138 0.027374284 -0.0547397739 0.00404146612 0.0582585916 0.996791433
1341845829.22577 -0.0234812824 0.0502547921 0.02371127 -0.0510365695 0.00382245857 0.0603138185 0.996866541
1341845829.25777 -0.017919929 0.0516842226 0.0253344318 -0.0483429028 0.00286710436 0.0602274936 0.997009224
1341845829.29388 -0.0108026425 0.0512805727 0.0250126819 -0.0460953983 0.0018926519 0.0591563063 0.997182112
1341845829.32587 -0.00813042981 0.0491145156 0.0249225483 -0.0440081538 0.00114151582 0.0588129899 0.997297855
1341845829.35817 -0.00204083507 0.0479534719 0.0250999889 -0.0410461973 -0.00200396937 0.0584670809 0.997443128
1341845829.39371 0.00493117246 0.0514534082 0.0211293079 -0.0386818341 -0.00351785037 0.0565164583 0.997645844
1341845829.42583 0.00759213213 0.0554916252 0.0175822238 -0.0383189372 -0.00480054376 0.054351803 0.997774772
1341845829.46174 0.0134929605 0.0453783252 0.0232753386 -0.0394998498 -0.00659831496 0.0547517961 0.99769658
1341845829.49367 0.0165357173 0.0427195777 0.0218756121 -0.0341137364 -0.0086106814 0.0578647085 0.997704257
1341845829.52587 0.0233563453 0.054689969 0.014025309 -0.0318220253 -0.0111366885 0.0559997909 0.997861391
1341845829.56187 0.033466231 0.059613852 0.0146571643 -0.0341502129 -0.0113418819 0.0531508584 0.997937929
1341845829.5938 0.0357233855 0.0460958131 0.0204503034 -0.0364686238 -0.0103273468 0.0527404636 0.997888686
1341845829.62579 0.0356080293 0.0399483197 0.0192087207 -0.0320264788 -0.0113061372 0.0553886029 0.997887057
1341845829.66181 0.0432036272 0.0528925798 0.0117000321 -0.0281569675 -0.0142863196 0.0551308009 0.9979798
1341845829.69386 0.0559587788 0.0647805353 0.0118021432 -0.0301412029 -0.0134433814 0.0498502916 0.998211266
1341845829.72976 0.052822012 0.0495711509 0.0150988134 -0.0340817708 -0.011423333 0.0469060855 0.998252353
1341845829.76183 0.0387989417 0.038365097 0.0124584032 -0.0314504059 -0.0143816743 0.0459573544 0.99834461
1341845829.79384 0.0652052771 0.0554093351 0.0174354489 -0.0264681466 -0.0225805204 0.0454395424 0.99836106
1341845829.82982 0.0738714222 0.0583115212 0.0157973773 -0.0257260411 -0.022020432 0.0417649672 0.998553433
1341845829.86165 0.0596325697 0.0577568902 0.012777644 -0.0268315621 -0.022303204 0.0403769838 0.998575152
1341845829.89785 0.0784564699 0.045943161 0.0214339702 -0.0267175401 -0.0297271409 0.0429523148 0.998277301
1341845829.93003 0.0929657619 0.0566535042 0.0115291668 -0.0220963063 -0.0302454072 0.0440200456 0.998328205
1341845829.96203 0.0866959044 0.0585526333 0.0108252192 -0.0239007599 -0.028131756 0.0451155985 0.998299525
1341845829.99796 0.0904592932 0.0416009183 0.0144526787 -0.023778519 -0.0321683353 0.0464898986 0.998117463
1341845830.02988 0.108363042 0.0484679867 0.0149902035 -0.0159694334 -0.0341870985 0.0472863617 0.998168432
1341845830.06184 0.106005769 0.0612848013 0.00720193367 -0.0147647617 -0.0317149362 0.0470927558 0.998277735
1341845830.09789 0.111277474 0.0511831331 0.0131611239 -0.017718776 -0.0314819678 0.047388341 0.998223059
1341845830.12967 0.120051871 0.0389094089 0.0185476008 -0.013308735 -0.0313079569 0.0499259361 0.998173377
1341845830.16587 0.113016499 0.049486705 0.00952478462 -0.00930437199 -0.0323709267 0.0517273508 0.998093098
1341845830.1978 0.124131747 0.0464065678 0.0140853977 -0.0111178561 -0.0384783817 0.0563544013 0.997607132
1341845830.22989 0.140149053 0.0536253293 0.0156231894 -0.00810681984 -0.0388442781 0.0560949114 0.997636588
1341845830.26574 0.130617577 0.0581823398 0.00845559458 -0.00931772193 -0.0365791941 0.0565819663 0.99768413
1341845830.29789 0.136595047 0.0487083345 0.014949521 -0.0103917732 -0.0399639119 0.0606648149 0.997303704
1341845830.33017 0.150736649 0.0520934329 0.0132095553 -0.00717905979 -0.0419333006 0.061874504 0.997176817
1341845830.36605 0.148955905 0.0594176205 0.0107311831 -0.00690427579 -0.0414134009 0.0615390721 0.997221241
1341845830.39778 0.157646772 0.0570150018 0.0130630208 -0.00812962796 -0.044361319 0.0602270154 0.997165327
1341845830.43373 0.179424866 0.0568834792 0.0199083417 -0.00755531759 -0.045206719 0.058472905 0.997236275
1341845830.46577 0.178516397 0.0554763375 0.0174168571 -0.0069549719 -0.0434097033 0.0583884516 0.997325431
1341845830.50788 0.187579004 0.0505308574 0.019944643 -0.00622848195 -0.0467119914 0.0596834178 0.99710435
1341845830.52099 0.209986029 0.0542863909 0.0195514991 -0.00359271363 -0.0470636794 0.0593082075 0.997123181
1341845830.56595 0.20588042 0.0637344961 0.0203689056 -0.00336587381 -0.0414287286 0.0578505926 0.997459593
1341845830.59786 0.20681237 0.0556331605 0.0173252317 -0.00484551752 -0.0421383575 0.0599801993 0.997297977
1341845830.63365 0.225427988 0.0547383193 0.0218424069 -0.00314896155 -0.0439519032 0.0606600677 0.997185374
1341845830.66571 0.227241105 0.0614987753 0.01694003 -0.00222389226 -0.0412499676 0.0594047065 0.997378852
1341845830.7021 0.235148876 0.0610557546 0.0199420426 -0.00318959615 -0.0412287747 0.0585496815 0.997427666
1341845830.73394 0.249681377 0.0650080099 0.0190030266 -0.00413484025 -0.0399572792 0.0545955609 0.997700177
1341845830.76577 0.250343857 0.0643455279 0.0230864127 -0.00628787525 -0.0375285327 0.0506321976 0.997992211
1341845830.80185 0.261670111 0.0598756138 0.0269877498 -0.00733406408 -0.0358527826 0.0488827565 0.998133892
1341845830.83378 0.262993581 0.0552533321 0.0231722022 -0.00602493433 -0.0328792064 0.0477268598 0.998300959
1341845830.86576 0.267671998 0.0647317674 0.0220728731 -0.0044592238 -0.0323102751 0.0460626375 0.998405927
1341845830.9019 0.280127532 0.0635687863 0.0248521126 -0.00621070683 -0.0306723407 0.0432723515 0.998573051
1341845830.93413 0.280208112 0.0563550682 0.0232869636 -0.00627980284 -0.0284628733 0.0423648237 0.99867695
1341845830.96973 0.284823883 0.0616588292 0.0199035321 -0.00453607145 -0.0289943191 0.0417587527 0.998696631
1341845831.00186 0.291601125 0.0649130171 0.0202800032 -0.00560847076 -0.0295398857 0.0383221637 0.998812971
1341845831.03389 0.30192163 0.0616853362 0.0218615907 -0.00684676554 -0.0290848013 0.0358515974 0.998910336
1341845831.06975 0.303522748 0.0596036103 0.0215216873 -0.00650758928 -0.027701804 0.0348391082 0.998987737
1341845831.10186 0.308424152 0.0627934841 0.0203572123 -0.00557630003 -0.0278789804 0.0352773268 0.998973061
1341845831.13782 0.323432397 0.06751962 0.0191443816 -0.00632625493 -0.0273924827 0.0342057615 0.999019317
1341845831.16996 0.320102332 0.0616689559 0.0216932236 -0.00783826035 -0.024631042 0.0325031575 0.999137337
1341845831.20172 0.326127151 0.0561630304 0.0221196309 -0.00688247702 -0.0257811157 0.0347523665 0.999039658
1341845831.23773 0.333909735 0.0616861339 0.0194044607 -0.00385933358 -0.0262751029 0.0350341245 0.9990332
1341845831.26991 0.33447517 0.064518526 0.0183532979 -0.0042523933 -0.0260140746 0.0347347832 0.999048888
1341845831.30177 0.334435361 0.0611894033 0.0168789177 -0.00504595262 -0.0286787899 0.034639228 0.99897557
1341845831.33779 0.340239978 0.0585077991 0.0181125225 -0.0043623059 -0.0325276745 0.0345249486 0.99886483
1341845831.36975 0.349128973 0.0605131521 0.0174402519 -0.00314883638 -0.0363108182 0.0336973851 0.998767288
1341845831.40571 0.361683805 0.0655874337 0.0182312963 -0.00378543439 -0.0374571182 0.0316421158 0.998789974
1341845831.43766 0.37103679 0.0623614635 0.02137497 -0.00567263159 -0.0358884539 0.0296081624 0.998900995
1341845831.46976 0.369171483 0.0557743051 0.0205478098 -0.00567016364 -0.0350597657 0.0297356374 0.998926651
1341845831.50575 0.381978533 0.0632847147 0.0218937078 -0.00401566051 -0.0371123326 0.0299537797 0.998854004
1341845831.53815 0.395243201 0.0710573102 0.0225618646 -0.00636861878 -0.0347336462 0.025803795 0.999043132
1341845831.56962 0.394350652 0.0628260234 0.0221498248 -0.0100627128 -0.0316600317 0.0241748846 0.999155623
1341845831.60585 0.396994199 0.0620249392 0.024580533 -0.0104597943 -0.0315573147 0.0255264062 0.999121179
1341845831.6378 0.407811126 0.0717328489 0.0217791406 -0.0108991264 -0.0313886126 0.0248543724 0.999138741
1341845831.6736 0.417788765 0.0745457994 0.019257669 -0.0164407718 -0.0284703529 0.0226977123 0.999201658
1341845831.70566 0.425303447 0.0681056477 0.0283280523 -0.0198218845 -0.0244839941 0.0243026375 0.999208191
1341845831.73771 0.423559211 0.0662682206 0.0292640005 -0.0199380472 -0.0212627616 0.0284035249 0.999171461
1341845831.77364 0.4333372 0.0717984075 0.0238960787 -0.0197563166 -0.0204832318 0.0318455545 0.999087577
1341845831.80581 0.439993369 0.077422558 0.0262147853 -0.0219234124 -0.0181080032 0.0318778855 0.999087216
1341845831.83774 0.43933956 0.0756465164 0.0240827548 -0.0250872143 -0.0165302145 0.0326798838 0.999014219
1341845831.87381 0.449788906 0.0766473598 0.028683353 -0.0259881075 -0.0181781127 0.0343727238 0.998905746
1341845831.90574 0.45997302 0.087389747 0.0351243959 -0.0277776088 -0.0164611961 0.0336250129 0.998912805
1341845831.94163 0.465342207 0.0814362942 0.036619789 -0.0300920293 -0.0150977801 0.0329704372 0.998889122
1341845831.97379 0.474366375 0.0840178495 0.0402862587 -0.0302189104 -0.0137878761 0.0325361781 0.99891847
1341845832.00575 0.483872029 0.0850599449 0.0402170984 -0.0298565829 -0.012197817 0.0313318112 0.998988546
1341845832.04164 0.493406397 0.0904121267 0.037072856 -0.0302873429 -0.00971657292 0.0292988113 0.999064485
1341845832.07387 0.492709408 0.0884433088 0.0321695093 -0.0321466939 -0.00643057149 0.0278223456 0.99907515
1341845832.10977 0.493607606 0.0852677344 0.0333785617 -0.0317785662 -0.00668126438 0.0291595146 0.999047149
1341845832.14169 0.501950266 0.0868986833 0.0319795075 -0.0298404156 -0.00739608785 0.0291347041 0.999102606
1341845832.174 0.507293427 0.0911280604 0.0267889938 -0.0306263254 -0.00536400531 0.0266200065 0.999161964
1341845832.20997 0.502143826 0.0854078211 0.0263895729 -0.0317069171 -0.00607937942 0.0265187183 0.999126854
1341845832.2418 0.519858583 0.0931045753 0.0278650178 -0.0302690261 -0.00999498101 0.0276802054 0.999108449
1341845832.27378 0.533712019 0.101824343 0.0291562612 -0.030869239 -0.0104822248 0.0262849437 0.999122773
1341845832.30992 0.529824949 0.102960045 0.0269021588 -0.0340928337 -0.00826173017 0.0255949282 0.999056716
1341845832.34169 0.535053543 0.0999349769 0.0271666675 -0.0360226141 -0.0100881721 0.0270022503 0.998935172
1341845832.37772 0.547021218 0.109576481 0.0326382456 -0.0364404062 -0.0121411949 0.0294653488 0.998827553
1341845832.4101 0.54571535 0.110488424 0.0264353717 -0.0384348901 -0.0115235111 0.0290653897 0.998771831
1341845832.44237 0.552768829 0.108531489 0.0267990304 -0.0401177509 -0.0127517994 0.0296315846 0.998674084
1341845832.47775 0.557352341 0.110886021 0.024831727 -0.0407765815 -0.0128914129 0.0295028612 0.998649419
1341845832.50965 0.561031881 0.113596484 0.0267824099 -0.0417040138 -0.0127320785 0.0305037681 0.998583091
1341845832.54163 0.568995267 0.117564758 0.0281169876 -0.0423899497 -0.0119358636 0.0315035534 0.998533001
1341845832.57788 0.570965197 0.116797215 0.027298844 -0.042997023 -0.0117180355 0.0329686443 0.998462324
1341845832.60975 0.575405062 0.11884387 0.0250999763 -0.0428108157 -0.0120706285 0.0330398046 0.998463773
1341845832.64598 0.581728808 0.124943493 0.0249022274 -0.0430790626 -0.0117620888 0.0330000524 0.998457232
1341845832.67783 0.584301149 0.128192398 0.0259516298 -0.0453592268 -0.0114551116 0.0326153209 0.998372456
1341845832.71021 0.591901324 0.12553467 0.0304129281 -0.0469062301 -0.0112516894 0.0332814957 0.998281297
1341845832.74572 0.594731026 0.128434056 0.0281474448 -0.0467277377 -0.00987889276 0.0345920003 0.998259645
1341845832.77786 0.60012401 0.132375283 0.0299202083 -0.0473354973 -0.00857614671 0.0368209471 0.998163322
1341845832.81051 0.607745431 0.137524579 0.0357019791 -0.0480760699 -0.00785619084 0.037835167 0.998095923
1341845832.8458 0.611453911 0.136649499 0.0290801908 -0.0498045736 -0.00552165033 0.0380482686 0.99801871
1341845832.87771 0.615450223 0.133210094 0.0315533108 -0.0508848531 -0.00417236706 0.0397298919 0.997905235
1341845832.91409 0.619844541 0.138722279 0.0296145954 -0.0500577019 -0.00394964369 0.0407215147 0.997908004
1341845832.94567 0.627648425 0.13766356 0.0200785499 -0.0514933648 -0.00281658075 0.0386742163 0.99792024
1341845832.97803 0.625521073 0.136191752 0.0239290102 -0.0521696673 -0.0018143311 0.0393189337 0.997862243
1341845833.02992 0.628717076 0.138609541 0.0169333943 -0.0516603799 -0.00173213529 0.0393234878 0.997888705
1341845833.04587 0.629616154 0.139153113 0.0138250076 -0.0530514767 0.000341776446 0.037554335 0.997885312
1341845833.07779 0.646568583 0.144053534 0.018111307 -0.054211027 0.000278350295 0.0383014203 0.997794612
1341845833.11366 0.657843518 0.141469802 0.0198074208 -0.0542964083 0.00104300678 0.0386929974 0.997774355
1341845833.14577 0.671704692 0.151111464 0.0180527871 -0.0542504571 0.00129466955 0.0399162672 0.997728372
1341845833.18191 0.682228114 0.153939328 0.0155899 -0.0575452194 0.00317338336 0.0375983105 0.997629613
1341845833.21389 0.67917339 0.142212095 0.0233661999 -0.0603185275 0.00555724903 0.0387825833 0.997409998
1341845833.24572 0.685194874 0.13813085 0.0214305414 -0.059110267 0.00342967399 0.0395247729 0.997462784
1341845833.28186 0.704350302 0.13587121 0.0226843061 -0.056376425 0.00248667593 0.0417160057 0.997534606
1341845833.31385 0.711306751 0.146342344 0.0122799281 -0.0532618471 0.00492992157 0.042640213 0.997657598
1341845833.34976 0.716951989 0.147263641 0.0114923487 -0.0544507656 0.00578634236 0.0430223502 0.997572408
1341845833.38185 0.727830664 0.145007631 0.01383931 -0.0551440388 0.00781597547 0.0415449919 0.997583109
1341845833.41465 0.726845035 0.147791463 0.0136973054 -0.0555994916 0.0114489728 0.0415514462 0.997522478
1341845833.44983 0.72563889 0.142932439 0.0151482381 -0.0566901746 0.0112543616 0.0430464784 0.997399902
1341845833.48516 0.734374906 0.141519953 0.0112494767 -0.0555519133 0.0107589715 0.0418693922 0.997519515
1341845833.49775 0.73727224 0.148288719 0.00170167512 -0.0563636739 0.0125670325 0.0408859554 0.997493631
1341845833.55022 0.738275828 0.136658173 0.0103319786 -0.0599517153 0.0113206084 0.042077073 0.997249796
1341845833.58174 0.743654233 0.136304213 0.0141659145 -0.0567730204 0.00956575031 0.0423385702 0.997443114
1341845833.61782 0.742509608 0.143537862 0.00696748101 -0.055501604 0.00939463196 0.0430844938 0.997484355
1341845833.64991 0.747866938 0.143838175 0.00663900415 -0.0577915445 0.00794548255 0.0418286403 0.997420358
1341845833.68168 0.752157888 0.137901554 0.0166611603 -0.0581384713 0.00765728299 0.0425176805 0.997373316
1341845833.71761 0.747583594 0.145691901 0.00781548933 -0.0559334284 0.00664091278 0.0449334504 0.99740079
1341845833.75329 0.752494349 0.152816345 0.0135787685 -0.057892576 0.0039035992 0.0440063181 0.997344803
1341845833.7687 0.755981154 0.152312346 0.0173747634 -0.0598605757 0.00519095836 0.0426217684 0.997282884
1341845833.81784 0.75018222 0.15011471 0.0166403744 -0.0609195589 0.00528808698 0.0426436919 0.997217308
1341845833.84987 0.756465166 0.14785039 0.0213143053 -0.0610384495 0.00312351834 0.0428644849 0.997209701
1341845833.88567 0.763731677 0.149485306 0.0145431194 -0.0602617546 0.00412028988 0.0418349924 0.997297036
1341845833.91773 0.755281866 0.152552196 0.0147756255 -0.0619501913 0.00597129795 0.0408492899 0.997225076
1341845833.94968 0.759237431 0.14388606 0.0208050913 -0.0627030567 0.00468198086 0.0417222201 0.997148766
1341845833.98567 0.761504546 0.150808012 0.0142258346 -0.0598463187 0.00612135331 0.0403654387 0.997372337
1341845834.01817 0.759854918 0.153162471 0.0116063977 -0.0621843026 0.00689595691 0.0400358214 0.99723753
1341845834.05008 0.747447129 0.151276099 0.0174354104 -0.0631368817 0.00698996903 0.037933992 0.997259187
1341845834.08577 0.748111837 0.152221833 0.0137431544 -0.0628981871 0.00699146161 0.0355082558 0.997363575
1341845834.10182 0.753464349 0.149728588 0.0115806686 -0.0644543087 0.00719550191 0.0356710147 0.997256961
1341845834.1539 0.750406292 0.148862538 0.00913799083 -0.0650013447 0.00781757059 0.0362976944 0.997194158
1341845834.18575 0.743933287 0.146813041 0.0129531141 -0.0661602811 0.00943101157 0.0333855284 0.997205736
1341845834.21781 0.736309466 0.146651852 0.00796053603 -0.0670831713 0.0105956866 0.0321339132 0.997173501
1341845834.25383 0.72536728 0.14756454 -0.00459453489 -0.0703864704 0.00997906962 0.0294262316 0.997035736
1341845834.28576 0.724977781 0.145952737 0.0129026144 -0.0735390597 0.00780386082 0.0279569442 0.996869859
1341845834.32179 0.719800901 0.141515279 0.0230403922 -0.0712478633 0.00704871996 0.0286575254 0.997021968
1341845834.35514 0.711949005 0.138731958 0.0241360893 -0.0659114998 0.00824804236 0.0327281154 0.997254488
1341845834.38581 0.712599624 0.144990045 0.0141578492 -0.0623769738 0.00809951704 0.0334434175 0.997459297
1341845834.42176 0.706395623 0.145937491 0.0127166055 -0.0627824173 0.009258464 0.0323667887 0.997459292
1341845834.45385 0.700129149 0.146606037 0.0133092542 -0.0632971073 0.00774436793 0.0315067215 0.997467206
1341845834.48565 0.69566262 0.145452336 0.0177115405 -0.0633904643 0.00607022921 0.0294463076 0.997535822
1341845834.52179 0.687471032 0.144402508 0.0134812601 -0.0625724173 0.0068341001 0.0276119971 0.997634986
1341845834.55401 0.67522176 0.144059548 0.0215780228 -0.0634783675 0.00721118285 0.0271916994 0.997586641
1341845834.58979 0.662431818 0.139282862 0.0249222902 -0.0639506371 0.00573441881 0.0277814117 0.997549811
1341845834.6218 0.656364193 0.139401446 0.0152058892 -0.062183356 0.00424300498 0.0268696445 0.997693966
1341845834.65382 0.652329791 0.1418362 0.00270886422 -0.0639477094 0.00486979717 0.0234078358 0.997666802
1341845834.68985 0.638460369 0.140386714 0.00992132943 -0.0671443948 0.00496308139 0.0214668609 0.997499961
1341845834.72218 0.626475224 0.130806348 0.012824349 -0.0683141468 0.00226439704 0.0212081584 0.997435844
1341845834.75421 0.626444836 0.127285646 0.0131642289 -0.0658200657 -0.000322575462 0.0221454121 0.997585683
1341845834.78984 0.616630034 0.129164108 0.00584182435 -0.0643648267 0.000727258204 0.020073384 0.99772426
1341845834.82183 0.602236558 0.129123448 0.00394599795 -0.0657260276 0.000987975907 0.0206764064 0.997622975
1341845834.85781 0.593708629 0.127885878 0.00624997549 -0.0662207928 -0.00166611241 0.0202926275 0.997597233
1341845834.8898 0.585856909 0.126890495 0.00980246504 -0.0663786695 -0.0028895787 0.0186200208 0.997616568
1341845834.92178 0.570730902 0.122419998 0.00628431782 -0.0660334417 -0.00323048577 0.0182051665 0.99764609
1341845834.95795 0.560909551 0.124724209 0.00532573018 -0.0647730019 -0.00599972708 0.0183450026 0.997713347
1341845834.98981 0.550727804 0.121219342 0.00311646914 -0.0642417983 -0.00834655287 0.0177407337 0.997741747
1341845835.02182 0.539611269 0.116903427 0.003285139 -0.0636035835 -0.010333577 0.0177252473 0.997764309
1341845835.05804 0.528946034 0.117147432 0.00649022986 -0.0616469035 -0.011875969 0.0181978496 0.997861443
1341845835.08984 0.519785283 0.120359111 0.00264327372 -0.0599694452 -0.0142691468 0.0194434705 0.997908818
1341845835.12567 0.510599451 0.124123243 -0.00474464707 -0.0600326117 -0.0168714476 0.0201290113 0.997850822
1341845835.15776 0.49932602 0.119207286 -0.000157659189 -0.0615090895 -0.0188744409 0.0186848864 0.997753107
1341845835.18984 0.486573202 0.107362109 0.00341782419 -0.0609463136 -0.0203945188 0.0184917635 0.997761327
1341845835.22624 0.47639405 0.107153688 -0.00131563989 -0.0570711657 -0.0232078559 0.0204874679 0.997890045
1341845835.2583 0.470125775 0.114395834 -0.00438316222 -0.0556442678 -0.0249251103 0.0193213772 0.997952473
1341845835.29051 0.457275482 0.111980337 -0.000280911403 -0.0570871228 -0.0260777241 0.018430454 0.997858372
1341845835.3258 0.44518861 0.105306684 0.0006507468 -0.0559990064 -0.0289594229 0.0183814565 0.997841463
1341845835.36443 0.440409945 0.105571701 -0.000872713945 -0.0541952801 -0.0306603112 0.0167186108 0.997919488
1341845835.43176 0.415478284 0.108145343 -0.0071470965 -0.0538178937 -0.0353596768 0.0157817777 0.997799711
1341845835.44628 0.405245173 0.0976180495 -0.00275257622 -0.05458902 -0.0383915402 0.0148969978 0.997659365
1341845835.4938 0.399559277 0.0978771577 -0.000980351415 -0.0515146574 -0.0398278361 0.0153097883 0.997760289
1341845835.52765 0.386840878 0.0993784765 -0.0152177303 -0.0502261568 -0.0412323562 0.0157708545 0.997761748
1341845835.56179 0.379417091 0.104355719 -0.00882212539 -0.0510579682 -0.0463139927 0.0157308418 0.997497187
1341845835.59419 0.37869092 0.09898126 -0.00363266207 -0.0526682896 -0.0473910554 0.014415964 0.997382735
1341845835.62588 0.372063153 0.0903688535 -0.00257721774 -0.0514566756 -0.047004317 0.0156068976 0.997446354
1341845835.66193 0.358133392 0.0901076716 -0.00727044373 -0.046864571 -0.0496949863 0.0199218583 0.997465408
1341845835.69424 0.362197384 0.0937965664 -0.00256185519 -0.0438831933 -0.0520371392 0.0202987401 0.997473991
1341845835.72573 0.356564934 0.0915037683 -0.00493102258 -0.042458796 -0.0495000127 0.021144987 0.997647177
1341845835.76182 0.33904988 0.0856644051 -0.00882381387 -0.0400324542 -0.0498929431 0.0243262677 0.997655416
1341845835.79393 0.336135123 0.0937714891 -0.0103792777 -0.0368550856 -0.0525930799 0.025295254 0.997615066
1341845835.82983 0.334562387 0.0956715034 -0.00895120707 -0.0374571096 -0.0524564091 0.0244517489 0.997620871
1341845835.86823 0.319900624 0.0862111556 -0.011294089 -0.0379534112 -0.0508399349 0.0250552947 0.997670823
1341845835.90386 0.312105706 0.0870129727 -0.0166090419 -0.0352959542 -0.0545140344 0.0287483529 0.997474786
1341845835.93574 0.311906787 0.091920599 -0.0147525215 -0.0341590123 -0.0556725288 0.0282525085 0.997464549
1341845835.96782 0.306176187 0.0865977659 -0.0149329386 -0.0343802852 -0.0537388488 0.027873087 0.997573668
1341845836.0038 0.289439165 0.0805259518 -0.013213168 -0.0319483768 -0.0530439146 0.0310401498 0.997598192
1341845836.03599 0.291734681 0.0866719614 -0.0137682233 -0.0285288783 -0.0544299216 0.031312528 0.997618671
1341845836.06768 0.285228227 0.0879718584 -0.0136273528 -0.0282147691 -0.0525785728 0.0297257648 0.997775425
1341845836.10405 0.269449192 0.0786517066 -0.0176696095 -0.0277758895 -0.0520995187 0.0303746266 0.997793326
1341845836.13603 0.260036562 0.0793113695 -0.0246245503 -0.0254724064 -0.055305047 0.0315217109 0.997646676
1341845836.17212 0.260191701 0.0847756878 -0.0229460901 -0.0253117271 -0.0582607706 0.0296145436 0.997540966
1341845836.20365 0.257092891 0.0797721028 -0.0215689518 -0.0270688721 -0.0572553084 0.0284666902 0.997586464
1341845836.23569 0.242926254 0.0697668175 -0.0270566618 -0.0262402419 -0.0564344473 0.0305652981 0.997593287
1341845836.27181 0.232658302 0.072095037 -0.0308499396 -0.0230282517 -0.0597184693 0.0328605928 0.997408435
1341845836.3038 0.234318243 0.0775024721 -0.0313523641 -0.021878229 -0.0619706638 0.0332216376 0.997284966
1341845836.33576 0.232411615 0.0806114567 -0.0306194677 -0.0229473731 -0.0605628417 0.0328802795 0.997358736
1341845836.37224 0.227605942 0.0676460782 -0.028942027 -0.0228085877 -0.0583788601 0.0369028444 0.997351421
1341845836.40434 0.221698205 0.0749492449 -0.0337847175 -0.0187905646 -0.0578520871 0.0403330163 0.997333093
1341845836.43571 0.222354623 0.0768832919 -0.0307504935 -0.0179346009 -0.0560081402 0.0412094861 0.997418276
1341845836.47183 0.211525496 0.0810338221 -0.0320440192 -0.0169518686 -0.0518720283 0.0405739582 0.997685161
1341845836.50397 0.196865585 0.0773073503 -0.0365774341 -0.0172133297 -0.0509983827 0.0423560788 0.997651657
1341845836.53984 0.196765055 0.0809064866 -0.0372278217 -0.0165046909 -0.0531014691 0.0432984241 0.997513446
1341845836.572 0.195879729 0.0828801436 -0.0357736106 -0.0172687088 -0.0531200411 0.042742131 0.997523515
1341845836.60439 0.19051318 0.084640399 -0.0378527733 -0.018723431 -0.0525559247 0.0415184145 0.997578834
1341845836.63973 0.185895306 0.0759914724 -0.0339189266 -0.0210922367 -0.0528993605 0.0401678395 0.997568704
1341845836.67206 0.187662381 0.0668421267 -0.0329228717 -0.0198610219 -0.053721178 0.0394066228 0.997580419
1341845836.70439 0.183094012 0.0621449479 -0.0356981139 -0.0177859932 -0.0530156033 0.0392393732 0.997663909
1341845836.7398 0.177870454 0.0446700946 -0.0388544736 -0.0150233943 -0.0537086456 0.0398357775 0.99764863
1341845836.77167 0.182847067 0.0374763779 -0.040767331 -0.00664267626 -0.0533876542 0.0415991431 0.997684892
1341845836.80361 0.179520005 0.0386240763 -0.0364062139 0.000603165862 -0.051958012 0.0443090626 0.997665629
1341845836.83965 0.172739504 0.0327922201 -0.0401581384 0.0028082312 -0.052739518 0.0461599067 0.997536927
1341845836.87178 0.178312279 0.0253559764 -0.0337831436 0.00592939262 -0.0547295749 0.0465266279 0.997399012
1341845836.90767 0.182870657 0.0266381571 -0.0318746327 0.00777474092 -0.0534947624 0.0483484176 0.99736668
1341845836.93983 0.17523411 0.0136423234 -0.0308814183 0.00726732863 -0.0509376535 0.0508229467 0.997381356
1341845836.97182 0.177223421 0.0109952446 -0.0304845218 0.00995108634 -0.0523874321 0.0519358075 0.997225754
1341845837.00772 0.195944119 0.0232721521 -0.0268086613 0.00927240848 -0.0517621827 0.0516705365 0.997278725
1341845837.03976 0.178720577 -0.00678707752 -0.0252460117 0.00132070208 -0.0435273732 0.0515319289 0.997721446
1341845837.07172 0.175772344 -0.0250119471 -0.0211636595 0.00403601928 -0.042586512 0.0506863067 0.997798075
1341845837.1077 0.181745779 -0.0155968517 -0.0245334418 0.00731692673 -0.0423422327 0.0524062855 0.997700947
1341845837.13977 0.187185862 -0.0324837159 -0.0201120831 0.00554225222 -0.0394774706 0.0533118673 0.997781869
1341845837.17164 0.173752277 -0.0446074105 -0.0191080887 0.00966584002 -0.0352607133 0.0474950672 0.99820212
1341845837.20768 0.169628719 -0.0399508115 -0.0239691695 0.0107551825 -0.0370780715 0.0456169403 0.998212722
1341845837.23975 0.178525076 -0.0569809284 -0.0177129076 0.00773720302 -0.0390888712 0.0401364552 0.998399349
1341845837.27577 0.182036325 -0.0756002889 -0.0177614094 0.00805157098 -0.0375296665 0.0356966372 0.998625278
1341845837.30769 0.174860275 -0.0938968623 -0.0224382444 0.0104152083 -0.0367431257 0.0377359462 0.998557692
1341845837.33964 0.17699779 -0.104176229 -0.0199939409 0.015847679 -0.0393075045 0.0406893388 0.998272582
1341845837.37572 0.186059084 -0.109546694 -0.0189097885 0.020229578 -0.0390614571 0.0382515899 0.998299445
1341845837.40774 0.191273351 -0.0990248763 -0.0245767989 0.0216764069 -0.0364732488 0.0366116576 0.998428476
1341845837.43967 0.182051911 -0.110498729 -0.0202696431 0.0140522162 -0.0327964463 0.0324297923 0.998836942
1341845837.47568 0.18729585 -0.127881554 -0.0180304959 0.0109326535 -0.0320986693 0.030410541 0.998962137
1341845837.50832 0.196128086 -0.131540958 -0.0242928693 0.0108754708 -0.0288554032 0.0298518588 0.999078554
1341845837.54372 0.191313802 -0.136379507 -0.0224533269 0.00699030154 -0.024085575 0.0278141637 0.99929845
1341845837.57571 0.192236977 -0.151208994 -0.0219596816 0.00520756433 -0.0227843151 0.024851759 0.999417904
1341845837.60764 0.195973689 -0.161482083 -0.0212622138 0.0057104635 -0.0206239757 0.0229594294 0.999507332
1341845837.64371 0.196510007 -0.17137246 -0.0199956683 0.00697712164 -0.0179063274 0.0204104296 0.999606972
1341845837.67571 0.196820681 -0.182386043 -0.0193108953 0.00898588244 -0.0162470977 0.0184219006 0.999657901
1341845837.71181 0.199800602 -0.180623481 -0.0187447089 0.0111846962 -0.0147282416 0.0174574874 0.999676556
1341845837.74432 0.20516707 -0.18625251 -0.0196995789 0.0112141876 -0.0124959235 0.0163704292 0.999725014
1341845837.77572 0.204689408 -0.198418338 -0.0179228654 0.0127076385 -0.0100489595 0.0153179697 0.999751416
1341845837.81193 0.209033583 -0.187877214 -0.0217476368 0.0147791506 -0.00756620742 0.0149164041 0.999750884
1341845837.84392 0.205468815 -0.19662006 -0.0201357109 0.0114649516 -0.00441400646 0.012779064 0.999842871
1341845837.8798 0.203397087 -0.210859633 -0.0165350037 0.0118877357 -0.00202037477 0.0116407934 0.999859536
1341845837.91196 0.200059706 -0.219170087 -0.0123733441 0.0153095438 -0.00108775545 0.0140817853 0.999783045
1341845837.94619 0.203669427 -0.214632346 -0.0172248123 0.0179930554 -0.00161009284 0.0160702445 0.99970766
1341845837.97972 0.218589487 -0.210601895 -0.0124900634 0.01750895 -0.000508875016 0.0148255337 0.999736656
1341845838.02742 0.211512148 -0.21431236 -0.0169524027 0.0155619454 0.00446415713 0.0114196955 0.999803725
1341845838.04236 0.203912193 -0.217325128 -0.0132727935 0.0110538464 0.00539383382 0.00914859268 0.999882504
1341845838.07391 0.206171311 -0.233398238 -0.00468484589 0.00956043755 0.00463129323 0.00807461896 0.999910971
1341845838.1058 0.204922431 -0.236760539 -0.0022182569 0.0116538008 0.00574401525 0.00847760549 0.999879655
1341845838.14168 0.207291796 -0.231999288 -0.00821183228 0.0123760234 0.00593304922 0.00906084254 0.999864758
1341845838.17369 0.212846479 -0.231361146 -0.00618182592 0.00989513299 0.00590913315 0.0047614464 0.999922246
1341845838.20578 0.217343968 -0.225358948 -0.00337347706 0.00630997338 0.00755777265 0.000110921929 0.999951525
1341845838.2419 0.210435035 -0.238579919 0.0010517611 -0.00138727403 0.0109459874 -0.00280879391 0.999935184
1341845838.2738 0.200836281 -0.254690718 0.00293595728 -0.00435707423 0.0109978097 -0.0052598942 0.999916195
1341845838.30986 0.201848763 -0.256439008 0.000633419985 -0.00355469685 0.00809988825 -0.00515389366 0.999947595
1341845838.34181 0.203178869 -0.262297342 0.00734621079 -0.00423554291 0.00639700254 -0.00325327836 0.999965277
1341845838.37388 0.207959966 -0.268728728 0.0108205661 -0.00308190909 0.00627557159 -0.00223686958 0.999973057
1341845838.40972 0.204638194 -0.266679179 0.00812547762 -0.0021785031 0.00652223632 -0.000479724483 0.999976242
1341845838.4424 0.205980247 -0.266915889 0.00698049416 -0.00432586127 0.00588450055 0.000724420817 0.999973067
1341845838.47378 0.207948421 -0.268523295 0.0106357094 -0.00639471009 0.00613000153 -0.00120160866 0.999960043
1341845838.50973 0.209521588 -0.280778125 0.0116125258 -0.00822048788 0.00717152352 -0.00374515471 0.999933481
1341845838.54165 0.205076641 -0.290872666 0.0105759358 -0.00831342659 0.00740898285 -0.00347097129 0.999931971
1341845838.57781 0.210117652 -0.298160823 0.010122029 -0.00594661202 0.00652110077 -0.00617211584 0.999942007
1341845838.60983 0.216202171 -0.30198001 0.0112486222 -0.00382355822 0.00762028729 -0.00857851482 0.999926858
1341845838.64169 0.212392783 -0.303204225 0.0116125044 -0.00213101214 0.00997741419 -0.00914147757 0.999906167
1341845838.67787 0.211788024 -0.304194238 0.0100278121 -0.00115544063 0.0104609288 -0.00920432714 0.999902252
1341845838.70966 0.216318449 -0.301896729 0.00760737893 -0.00121503934 0.0102729547 -0.0107166469 0.999889066
1341845838.74592 0.23470414 -0.296504384 -0.00238607624 -0.00551590136 0.0128909174 -0.0127171758 0.99982082
1341845838.77773 0.212474092 -0.31071579 0.00193934868 -0.0134874535 0.0187257224 -0.0153548284 0.999615759
1341845838.80966 0.217518575 -0.322384606 0.00407551599 -0.016447888 0.0163505196 -0.015532101 0.999610365
1341845838.84588 0.226917613 -0.325263529 0.00270145806 -0.0161742572 0.0150496033 -0.0155229576 0.999635404
1341845838.8777 0.241238967 -0.31370111 -0.00230518785 -0.019044566 0.0173957306 -0.015207759 0.999551608
1341845838.90967 0.228747631 -0.329022147 0.00339465885 -0.0242216323 0.0216430877 -0.0206045141 0.999259898
1341845838.94585 0.222304367 -0.338161338 0.00566383919 -0.0247286263 0.0222231629 -0.0223198797 0.999197903
1341845838.97854 0.232588947 -0.33920914 0.00762023882 -0.0235638543 0.0213609674 -0.0197828548 0.9992983
1341845839.01392 0.241062955 -0.337681498 0.0110687886 -0.0226339963 0.0226793842 -0.0214630451 0.999256066
1341845839.04625 0.234368467 -0.333048048 0.00394322677 -0.0231807495 0.0258347757 -0.0238676072 0.999112383
1341845839.07776 0.227153921 -0.341173941 0.00567200082 -0.0269433792 0.0248400958 -0.0256286429 0.998999598
1341845839.11401 0.229331898 -0.352579247 0.0123607607 -0.0271817513 0.0226762076 -0.0254980775 0.999047942
1341845839.14616 0.239881982 -0.356439503 0.00599036219 -0.0242671164 0.0217033074 -0.0225440666 0.999215612
1341845839.17775 0.243784824 -0.345601569 0.00823014289 -0.0235855625 0.0217367621 -0.0200362172 0.999284636
1341845839.21401 0.249862721 -0.357662089 0.0110995612 -0.0243043248 0.0230376066 -0.0212959134 0.999212216
1341845839.24621 0.248631725 -0.361418765 0.0119450523 -0.0222874267 0.025181934 -0.0203624023 0.999226958
1341845839.2818 0.25285323 -0.354491481 0.00994563236 -0.0209546155 0.0265948432 -0.0179504958 0.999265429
1341845839.31403 0.264666553 -0.362288159 0.0120368746 -0.0215239111 0.0286180168 -0.0207666504 0.999142871
1341845839.34595 0.255548294 -0.367747008 0.00799030445 -0.0213276703 0.0312623262 -0.0208407076 0.999066295
1341845839.38176 0.25736845 -0.372930679 0.00775503646 -0.0201307375 0.0307451363 -0.0167144006 0.999184727
1341845839.41381 0.266958237 -0.378986475 0.00877900098 -0.018475542 0.0307070393 -0.0149549751 0.999245756
1341845839.44572 0.269043468 -0.367586028 0.00817870385 -0.0156990673 0.0326878771 -0.014987272 0.999229915
1341845839.48175 0.267371929 -0.365529484 0.00421386618 -0.0166478402 0.0337833934 -0.0157426683 0.999166503
1341845839.51401 0.276980812 -0.37198639 0.0130960108 -0.0187370329 0.0345217471 -0.0158149984 0.999103127
1341845839.5498 0.2731367 -0.376901497 0.0103969682 -0.0173396106 0.0365999545 -0.0155219648 0.999058982
1341845839.58768 0.273682156 -0.368546449 0.00930049446 -0.0157395976 0.0363586455 -0.0141419514 0.999114768
1341845839.60104 0.283065338 -0.372618144 0.00928640418 -0.0165495623 0.0367338271 -0.0148305861 0.999077971
1341845839.66579 0.276284256 -0.366618745 0.0162355984 -0.0156502773 0.0398095017 -0.0162807816 0.998952055
1341845839.68183 0.270730286 -0.368445054 0.0116380726 -0.0163469441 0.0396826509 -0.0149482368 0.998966774
1341845839.71391 0.277782597 -0.368436409 0.013088647 -0.0171193352 0.0378702165 -0.0155762727 0.999014592
1341845839.74982 0.277198985 -0.367647797 0.0134944681 -0.0172013808 0.039274573 -0.0164002479 0.99894577
1341845839.7818 0.272115942 -0.365494687 0.00994986282 -0.0181132275 0.0402387075 -0.0149286558 0.998914357
1341845839.81784 0.271768714 -0.365927648 0.0103822418 -0.0198817632 0.0386291903 -0.0148434997 0.99894553
1341845839.85001 0.274043009 -0.362138689 0.00842256054 -0.0207914999 0.0381999187 -0.0155420319 0.998932893
1341845839.88183 0.27113878 -0.357932279 0.00372040851 -0.0226794972 0.03846877 -0.015361301 0.99888429
1341845839.91788 0.26613899 -0.352481936 0.00694639366 -0.0242067302 0.0370565848 -0.0149624019 0.998907889
1341845839.95041 0.264210313 -0.347182155 0.00889741572 -0.0257603181 0.0345978053 -0.0143958588 0.998965544
1341845839.98576 0.262467016 -0.342544908 0.00840497502 -0.0277909227 0.0328268399 -0.0142733419 0.99897264
1341845840.01767 0.261646775 -0.328349174 0.0089388117 -0.0307961512 0.0314010217 -0.0159515657 0.998904961
1341845840.04976 0.253276334 -0.329630047 0.00756013561 -0.0355933351 0.0310038867 -0.0172842178 0.998735766
1341845840.08565 0.247245215 -0.332204585 0.0098813466 -0.0389428057 0.0289375124 -0.0160314182 0.998693683
1341845840.1177 0.248707544 -0.325179272 0.00946180926 -0.0396683261 0.0271309774 -0.0142554519 0.998742768
1341845840.14981 0.246453625 -0.313611207 0.0075925488 -0.0422234676 0.0264444846 -0.0136168232 0.998665334
1341845840.18609 0.249891765 -0.309445475 0.00524492254 -0.0472752855 0.0254391454 -0.0134259074 0.998467647
1341845840.21767 0.24742929 -0.300275754 0.0103319582 -0.0506143873 0.0262039022 -0.014136296 0.998274363
1341845840.2537 0.235375374 -0.300097675 0.0113978591 -0.0545169334 0.0268221266 -0.0134306959 0.998062169
1341845840.28592 0.233593048 -0.295462626 0.00790646425 -0.056539671 0.0237460043 -0.0121309454 0.998044204
1341845840.31777 0.233770539 -0.285182543 0.0143093973 -0.058588154 0.0219080303 -0.0107543345 0.997983873
1341845840.35387 0.236101529 -0.277750161 0.0169948576 -0.0607195065 0.0212400858 -0.00942508329 0.997884346
1341845840.38578 0.233210066 -0.269924176 0.0161598279 -0.0634841278 0.0221585993 -0.0113720915 0.997672009
1341845840.41768 0.226086219 -0.26125681 0.0150733989 -0.0663492322 0.0213867872 -0.0126841004 0.997486591
1341845840.45406 0.224862455 -0.26341964 0.0207593791 -0.0691520197 0.0204127767 -0.0128025072 0.997315102
1341845840.48596 0.227761978 -0.256322595 0.0184612827 -0.0692027019 0.0202522582 -0.0124777984 0.997318974
1341845840.52181 0.21909445 -0.246469609 0.0163062493 -0.0699310856 0.020642917 -0.012119004 0.99726458
1341845840.55368 0.216322422 -0.242902592 0.0135552946 -0.072287915 0.0188842084 -0.0104564811 0.997150192
1341845840.58577 0.216449969 -0.241946023 0.0194595007 -0.0738281071 0.0177498959 -0.0117621906 0.997043631
1341845840.62186 0.213067859 -0.236239177 0.0156201155 -0.0744686805 0.017638406 -0.0132784089 0.99697893
1341845840.65379 0.205334847 -0.233311849 0.0168104385 -0.079286935 0.0170908546 -0.015397439 0.996586375
1341845840.68586 0.2064212 -0.237909165 0.0215978736 -0.080955179 0.0156915007 -0.0176570054 0.996437788
1341845840.72185 0.198416768 -0.242028568 0.0181796101 -0.0791831222 0.0161994752 -0.0191436548 0.996544595
1341845840.75383 0.188541757 -0.237428586 0.0141785586 -0.0756307434 0.0132115341 -0.0154715536 0.996928321
1341845840.78981 0.199936382 -0.233865373 0.017566205 -0.072891653 0.00947323355 -0.0139810549 0.997196869
1341845840.82177 0.201161325 -0.224096102 0.0150156023 -0.0706377482 0.0106641396 -0.0156527892 0.997322202
1341845840.85367 0.192882587 -0.221368887 0.0130901834 -0.0705975248 0.0122067711 -0.0150732876 0.997316289
1341845840.88976 0.185496654 -0.219288691 0.0148192962 -0.0708859141 0.0111766486 -0.0140340722 0.997323074
1341845840.9218 0.19720016 -0.206129328 0.0167426561 -0.0703026833 0.0105084678 -0.0133302894 0.997381275
1341845840.95779 0.195503999 -0.196305441 0.0134835965 -0.0718965258 0.0137366314 -0.0145608021 0.9972112
1341845840.98978 0.189480772 -0.194356621 0.0168943583 -0.0744601729 0.0153370134 -0.01436829 0.997002513
1341845841.02177 0.188937818 -0.198326771 0.0215856062 -0.0743778614 0.0158475649 -0.0138936166 0.9970074
1341845841.05781 0.190334348 -0.19997791 0.0234275599 -0.0709428358 0.0168892181 -0.013975468 0.997239467
1341845841.08987 0.188265685 -0.186296613 0.0194274942 -0.0659400643 0.0190033082 -0.0142638535 0.997540638
1341845841.12778 0.182244107 -0.18111875 0.0182128794 -0.0647625827 0.0198366165 -0.0167369516 0.997563126
1341845841.14278 0.181585977 -0.175686621 0.0188224776 -0.0631970648 0.0187808151 -0.0211210785 0.997600778
1341845841.18984 0.180657481 -0.173392921 0.0228459518 -0.0613353987 0.0185339779 -0.0248353107 0.99763604
1341845841.22588 0.181782299 -0.169023443 0.0225421869 -0.057766818 0.017889431 -0.0265308069 0.997817157
1341845841.25779 0.178999344 -0.161872326 0.0199133277 -0.0544602453 0.0176294365 -0.0276642647 0.99797694
1341845841.28984 0.179708321 -0.147598722 0.0146930542 -0.0524041746 0.0163969232 -0.0256862823 0.998160888
1341845841.32587 0.182800347 -0.136357926 0.0121300395 -0.053499879 0.0158402045 -0.025165637 0.998125013
1341845841.35778 0.177596886 -0.137108037 0.0161186396 -0.0558156797 0.0154950583 -0.0248454618 0.998011631
1341845841.38975 0.168582502 -0.141321536 0.0190600471 -0.0544055505 0.0131994338 -0.0233724585 0.998158073
1341845841.42565 0.177393691 -0.139377151 0.0237732601 -0.0492914992 0.00959594591 -0.019196046 0.998553843
1341845841.45779 0.180397446 -0.131469703 0.0270675421 -0.0406480785 0.00852762359 -0.0129336692 0.999053419
1341845841.49364 0.183406529 -0.11271009 0.0220771826 -0.0350936882 0.00729999258 -0.00924526015 0.999314599
1341845841.52581 0.18761546 -0.0932956508 0.0228775515 -0.0363696065 0.00702570579 -0.00778337878 0.999283398
1341845841.55781 0.186120128 -0.0914504631 0.0210755134 -0.0396582478 0.00762652097 -0.00757314105 0.999155497
1341845841.59372 0.17724641 -0.0934688957 0.0253033067 -0.0421508639 0.00705483564 -0.00577571109 0.999069655
1341845841.62581 0.184140255 -0.0967263642 0.0299419166 -0.0406800623 0.0049047837 -0.00375000189 0.999153148
1341845841.65778 0.185246857 -0.0870092346 0.0280230452 -0.0374263986 0.0050272768 -0.00243599474 0.999283772
1341845841.6939 0.181768588 -0.0779680781 0.0255190478 -0.035902627 0.00499482558 -0.000693524387 0.99934257
1341845841.72585 0.183199084 -0.0753684254 0.0258720997 -0.0363451617 0.00408776705 -0.000279328652 0.999330897
1341845841.76198 0.181671705 -0.0704929536 0.0239326431 -0.0355657337 0.00401187172 -0.00218126723 0.999356906
1341845841.79371 0.174082524 -0.0570222857 0.0290614128 -0.0366636345 0.00352110654 -0.00210363641 0.999319246
1341845841.82591 0.174293415 -0.0617876062 0.0285448421 -0.0395644395 0.00161975423 -0.00221772202 0.999213247
1341845841.86247 0.175033044 -0.065314968 0.033021484 -0.0392204625 -0.000119178861 -0.00156348667 0.999229351
1341845841.89385 0.171385468 -0.0690234317 0.0342086362 -0.0350960241 -0.00217645334 0.00210459535 0.999379359
1341845841.92574 0.176924346 -0.0523123934 0.0295180139 -0.0306814285 -0.0045561984 0.0051159887 0.999505737
1341845841.96181 0.181967118 -0.0503700273 0.0307015857 -0.0309288931 -0.00565087296 0.00505116449 0.99949285
1341845841.99407 0.184417377 -0.0399795306 0.03157156 -0.0304147932 -0.00449022287 0.00273785477 0.999523528
1341845842.03038 0.170476064 -0.0318365261 0.0285965125 -0.0326896136 -0.00340482869 0.00146452732 0.999458679
1341845842.06262 0.17409117 -0.0410709178 0.0320537627 -0.0349492425 -0.00555779595 0.00342417085 0.999367768
1341845842.09567 0.179080496 -0.0320967483 0.0269758894 -0.0335492291 -0.00636391865 0.00378684609 0.999409631
1341845842.13099 0.178644128 -0.0267330454 0.0274766708 -0.0338997541 -0.00595602798 0.00606477861 0.999389089
1341845842.16927 0.178961086 -0.0186415442 0.028332342 -0.0341321873 -0.00591458986 0.0080887327 0.999367092
1341845842.20506 0.176814446 -0.020738393 0.0314389943 -0.0347627093 -0.00528968668 0.00895392963 0.999341483
1341845842.23703 0.170201174 -0.0163725728 0.0316495717 -0.0331272946 -0.00602398555 0.0105751463 0.999377036
1341845842.28553 0.168114538 -0.00930792591 0.0310180144 -0.0306467786 -0.0101190179 0.0134129585 0.99938905
1341845842.29811 0.182093476 -0.00609792871 0.0335491942 -0.0289879632 -0.0123157588 0.0156902033 0.999380727
1341845842.33115 0.173299596 0.00546145074 0.0356003633 -0.0269612183 -0.010491982 0.0154956188 0.999461303
1341845842.36312 0.168923062 0.02100514 0.0320172545 -0.0280341057 -0.0116283418 0.0164682824 0.999403655
1341845842.40196 0.174013537 0.0200251742 0.0361408299 -0.0318363916 -0.0124316268 0.0170330121 0.999270622
1341845842.44009 0.176876835 0.0158591837 0.0336849413 -0.0330020963 -0.0118511098 0.0165296451 0.999248309
1341845842.47258 0.172350074 0.0203212224 0.0336451614 -0.0331657881 -0.0117008702 0.017991332 0.999219411
1341845842.50654 0.173153933 0.0187367763 0.0341875311 -0.0332973286 -0.0138903997 0.0185725532 0.999176363
1341845842.53975 0.181215802 0.0213436392 0.0383812624 -0.0328181417 -0.0146269423 0.0173709677 0.999203318
1341845842.58532 0.176626635 0.023779317 0.0363614969 -0.0320935362 -0.0131780129 0.0153842889 0.999279575
1341845842.59782 0.172159647 0.0209304667 0.038331144 -0.0315291046 -0.0134396414 0.016233686 0.999280621
1341845842.67181 0.17509647 0.0375762069 0.0345746857 -0.0269851632 -0.014071106 0.0166144812 0.999398701
1341845842.68479 0.168699207 0.036285248 0.0350551295 -0.0280776747 -0.013519571 0.0193454048 0.999327084
1341845842.73384 0.169774268 0.0380099634 0.0374464925 -0.0260235828 -0.0152078637 0.023510375 0.999269111
1341845842.77257 0.171715368 0.0495856513 0.0336250641 -0.0240205951 -0.0155646051 0.02546694 0.999265825
1341845842.80369 0.17007153 0.0583276191 0.0327755124 -0.025974636 -0.0156272649 0.0272980061 0.999167616
1341845842.83978 0.17289788 0.057660279 0.0339730027 -0.0275693938 -0.0152629515 0.0266773832 0.99914728
1341845842.87196 0.166903372 0.0634077404 0.0344725978 -0.0274288925 -0.013747962 0.0257625292 0.999197148
1341845842.90377 0.167970544 0.0751243243 0.0339813663 -0.0283379637 -0.0149706583 0.0262192226 0.999142328
1341845842.9397 0.169645641 0.0708558569 0.0341187974 -0.0311826655 -0.0145632215 0.0248122169 0.999099549
1341845842.97171 0.164441267 0.0721720942 0.0360066325 -0.0307218903 -0.0134450315 0.0240723821 0.999147595
1341845843.00366 0.159576647 0.0801575477 0.0319205229 -0.0298938714 -0.0150015818 0.0269960542 0.999075834
1341845843.03969 0.168498837 0.0810032428 0.0316666456 -0.0303166167 -0.0168670008 0.0294612574 0.998963684
1341845843.07179 0.168409306 0.0891321221 0.0352494058 -0.0295292617 -0.0148254236 0.0291751472 0.999028048
1341845843.10373 0.159508502 0.0876590169 0.0314071758 -0.0297412653 -0.0147893159 0.0316689133 0.998946352
1341845843.13975 0.159366026 0.0957868188 0.0308626818 -0.0274549849 -0.0177887707 0.0331221172 0.998915767
1341845843.17187 0.164049899 0.105014268 0.0306752362 -0.0282374762 -0.0184373534 0.0309649074 0.998951392
1341845843.20791 0.159583439 0.113904496 0.0286659362 -0.0306877625 -0.0171448271 0.0267166371 0.999024793
1341845843.2404 0.151678435 0.114236201 0.0272056822 -0.0340626137 -0.0174200186 0.0236177935 0.998988729
1341845843.2824 0.150965304 0.115647891 0.0312405902 -0.0348934584 -0.0195719626 0.0233337698 0.998926884
1341845843.30794 0.153172661 0.12293921 0.0325690907 -0.0342678556 -0.0212895524 0.0232456245 0.998915467
1341845843.33985 0.153353394 0.125526442 0.036778391 -0.0338377087 -0.0218187228 0.0245690935 0.998887037
1341845843.40797 0.15439618 0.14535391 0.0392315761 -0.0288246305 -0.0182777467 0.0266168092 0.999062866
1341845843.42293 0.153502127 0.150992219 0.0431132616 -0.0298700813 -0.0182163774 0.0283556508 0.998985435
1341845843.46971 0.164198368 0.161401245 0.0473590765 -0.0299040617 -0.0169180688 0.026886986 0.999047855
1341845843.50176 0.153364534 0.168697071 0.0467010937 -0.031517376 -0.0131803699 0.0264201801 0.999067018
1341845843.53775 0.148497325 0.171511024 0.0494235086 -0.0326726254 -0.0149632886 0.0298021185 0.998909622
1341845843.58608 0.157729112 0.188660057 0.0436205039 -0.0323086719 -0.0157091683 0.0292615903 0.998925989
1341845843.60192 0.151744541 0.191580689 0.0454819909 -0.0363975077 -0.0144349502 0.0277016267 0.998849074
1341845843.63786 0.155666461 0.196820193 0.0468808305 -0.0385056313 -0.0153316447 0.0277839495 0.998754379
1341845843.67029 0.158870769 0.196918945 0.0512806103 -0.039520245 -0.0135105135 0.0276107611 0.998745845
1341845843.70601 0.160268105 0.212103993 0.0486764019 -0.0380190553 -0.0108853075 0.0298263392 0.998772472
1341845843.73809 0.160240467 0.213441894 0.0558337537 -0.0405712044 -0.00854344324 0.0313652956 0.998647688
1341845843.7699 0.157290074 0.216854419 0.055261519 -0.0388905115 -0.00720725436 0.0336965456 0.998649151
1341845843.80575 0.159389907 0.225428774 0.0540039695 -0.0370385123 -0.0055193903 0.0353741161 0.998672297
1341845843.83773 0.163054242 0.23517784 0.053213594 -0.037054278 -0.00321512912 0.0345623126 0.998710213
1341845843.86973 0.160512228 0.232821752 0.0565866728 -0.0383271975 -0.000103813797 0.0339686437 0.998687712
1341845843.90583 0.162076792 0.231750176 0.0597241154 -0.0364651473 0.000624370509 0.0367963608 0.998657064
1341845843.93786 0.168950413 0.23596274 0.0611382296 -0.0327639661 0.00188663339 0.0397868516 0.998669099
1341845843.97385 0.171384342 0.246500566 0.0586590806 -0.0296039676 0.00678310436 0.0399938857 0.998738246
1341845844.00589 0.165282162 0.24593045 0.0606004524 -0.0293733863 0.0099984932 0.0416872939 0.998648789
1341845844.03785 0.165510372 0.25269393 0.058843877 -0.0268597844 0.00895065787 0.0403828563 0.998783091
1341845844.07385 0.169854449 0.26206496 0.0615933819 -0.0269935038 0.0101298608 0.0358728971 0.998940375
1341845844.10585 0.167887941 0.260792731 0.0603406931 -0.0271461572 0.0129632573 0.0337172145 0.998978573
1341845844.13773 0.165830737 0.264599769 0.0602436612 -0.0263784936 0.0135299825 0.033790042 0.998989163
1341845844.17374 0.16956258 0.26757813 0.0604188315 -0.0249460185 0.0131064043 0.033415846 0.999044193
1341845844.20578 0.170148615 0.284957419 0.0566023513 -0.0248226864 0.0142086605 0.0317124319 0.999087719
1341845844.24185 0.165377051 0.27578243 0.0634961302 -0.0266932739 0.0142702964 0.0319228161 0.999031912
1341845844.27375 0.170696459 0.281201792 0.0641057178 -0.0198006295 0.0126827603 0.0357891539 0.999082689
1341845844.30577 0.167158418 0.296432921 0.0602747017 -0.016277294 0.0138124832 0.0386285069 0.999025577
1341845844.34171 0.164707484 0.310181746 0.0601059089 -0.0178627894 0.0140343962 0.0366558524 0.99906972
1341845844.37373 0.166722851 0.309881682 0.0619572003 -0.0221127541 0.0132666161 0.0362096396 0.999011454
1341845844.40979 0.167240341 0.31892819 0.0585884603 -0.0228922191 0.0125161797 0.0392117627 0.998890249
1341845844.44188 0.167295494 0.326144827 0.0589212877 -0.024958717 0.0119410259 0.0402697629 0.998805697
1341845844.47365 0.171863678 0.332253848 0.0612093351 -0.0270360436 0.0125233384 0.0405406433 0.998733535
1341845844.50974 0.169455079 0.337189992 0.0608629098 -0.028284973 0.0140487088 0.0425298425 0.998595918
1341845844.54175 0.164692757 0.349569567 0.0565201961 -0.0297917864 0.0136468381 0.0436660968 0.998508631
1341845844.57381 0.167988313 0.355153553 0.05943874 -0.0328188781 0.0119105684 0.043595579 0.998439024
1341845844.60978 0.163508346 0.357026881 0.05844884 -0.0347473396 0.0126256747 0.0444159848 0.998328821
1341845844.64175 0.156082544 0.360767686 0.0594378847 -0.0351318135 0.0112322086 0.0460091164 0.998259863
1341845844.67764 0.157259537 0.365674836 0.056676841 -0.0319460041 0.00577366592 0.0507916094 0.998181512
1341845844.70983 0.154731705 0.38263459 0.052922801 -0.0320718788 0.00378888915 0.0507962697 0.998186745
1341845844.74177 0.149459094 0.380477259 0.0536403683 -0.0348703554 0.00018504112 0.0506970748 0.99810512
1341845844.77812 0.149341947 0.390177944 0.0547634159 -0.0358544966 -0.00342904849 0.0493017503 0.998134277
1341845844.81165 0.138576697 0.389305892 0.0529904092 -0.0365345716 -0.00668589477 0.0486334482 0.9981259
1341845844.84323 0.14328457 0.406085966 0.0514924881 -0.0391949376 -0.0131946189 0.0467377108 0.998050723
1341845844.88379 0.135996907 0.398522396 0.056021153 -0.0423421529 -0.0146010592 0.043645132 0.998042611
1341845844.89774 0.132652397 0.403392613 0.0514196658 -0.0421577132 -0.0186800179 0.0440593688 0.997964206
1341845844.94744 0.13204445 0.409441302 0.0531748305 -0.0412246945 -0.024346284 0.042040097 0.997968142
1341845844.9778 0.134442004 0.41716127 0.0509766125 -0.04138382 -0.0266023589 0.0365245782 0.998121059
1341845845.00968 0.131636746 0.415936696 0.0524303783 -0.0431045259 -0.0276760758 0.0339452661 0.998110091
1341845845.0457 0.128882143 0.420410251 0.0511794268 -0.0421906714 -0.0324649644 0.032049328 0.99806754
1341845845.07776 0.137506028 0.433383425 0.0531085666 -0.0414213192 -0.0349793654 0.0258393442 0.998194894
1341845845.10969 0.138457809 0.438231946 0.0540272024 -0.0427244831 -0.0336927863 0.0226316169 0.998262102
1341845845.14565 0.138555954 0.436822649 0.0581141351 -0.043787632 -0.0344014307 0.0227770178 0.998188555
1341845845.17773 0.145946153 0.44407127 0.0564981619 -0.0420311214 -0.0348848491 0.0217168502 0.99827091
1341845845.21381 0.151294681 0.456275569 0.0531839103 -0.0424185368 -0.032336179 0.0215310235 0.998344357
1341845845.24576 0.145350663 0.453851562 0.0568928342 -0.0450923076 -0.0300301308 0.0214889176 0.998300106
1341845845.27791 0.146094943 0.456793731 0.0579843057 -0.0439970173 -0.0298684683 0.0226528182 0.998328096
1341845845.31417 0.147962792 0.469113587 0.0540862075 -0.0422943153 -0.0303204765 0.0221176334 0.998400055
1341845845.34576 0.148012444 0.472445067 0.056899981 -0.044352781 -0.029986637 0.0211581778 0.998341607
1341845845.38172 0.146324395 0.478245154 0.0539320624 -0.045088187 -0.0305475669 0.0213433141 0.998287716
1341845845.41367 0.149950428 0.483125829 0.0571545222 -0.0460061347 -0.0326603712 0.021821054 0.998168612
1341845845.44578 0.147861841 0.489780451 0.0549538017 -0.0455064559 -0.0345868376 0.0212159913 0.998139667
1341845845.48183 0.148010928 0.503288988 0.0542165975 -0.0483351962 -0.0349305407 0.015374131 0.9981018
1341845845.51434 0.148218571 0.499979535 0.0572744194 -0.0513355782 -0.0360096143 0.0147800942 0.9979226
1341845845.54573 0.145169461 0.512622078 0.0523677134 -0.0502337385 -0.037543008 0.0150844031 0.997917609
1341845845.58167 0.153051918 0.52121569 0.0524250781 -0.0518078112 -0.0409667934 0.0142819185 0.997714237
1341845845.61397 0.157280102 0.534658444 0.0523424648 -0.053948181 -0.0401598138 0.0103943656 0.997681683
1341845845.64971 0.150531593 0.531207341 0.0541086534 -0.0583472137 -0.0392101061 0.011858854 0.997455532
1341845845.68205 0.148005327 0.533990999 0.0549754238 -0.0570105454 -0.0419500934 0.0142778001 0.997389659
1341845845.71424 0.160212649 0.543284292 0.0495650996 -0.056507819 -0.044331677 0.0145025814 0.997312009
1341845845.75239 0.153626683 0.55862898 0.0516222831 -0.0604092264 -0.0417935367 0.0109283157 0.997238486
1341845845.78775 0.154454418 0.558403142 0.053852119 -0.0626189792 -0.0415707119 0.00818607274 0.997137768
1341845845.82063 0.150866335 0.561602604 0.0519672442 -0.0624699704 -0.0416127907 0.00932817291 0.997135329
1341845845.88769 0.153593017 0.579942918 0.0547973727 -0.0632395888 -0.0407303709 0.00532974532 0.997152639
1341845845.9027 0.152692662 0.579625096 0.0547373395 -0.0649119485 -0.0395706121 0.00694427936 0.997081934
1341845845.94991 0.158133428 0.588021694 0.0553582438 -0.0633189403 -0.0390678356 0.00730678325 0.997201598
1341845845.98186 0.157432213 0.595337456 0.0522852698 -0.0643110559 -0.0365418247 0.00730961494 0.997233851
1341845846.01786 0.159280114 0.595873392 0.0568385784 -0.0660108193 -0.0363099359 0.00781177531 0.997127442
1341845846.04979 0.150612036 0.599777553 0.0517005913 -0.0646457998 -0.033360254 0.0081717708 0.997317019
1341845846.08171 0.151105142 0.602906722 0.0514141092 -0.0656241726 -0.0340820862 0.0085232068 0.997225769
1341845846.11777 0.157270604 0.620385233 0.0518162623 -0.0639439731 -0.0363117521 0.00742609142 0.997264999
1341845846.14974 0.157750052 0.621471424 0.0522787801 -0.0652385849 -0.0373452799 0.00914140802 0.997128724
1341845846.18558 0.157896971 0.632276036 0.0519252355 -0.0655322494 -0.0387711234 0.0115335492 0.997030241
1341845846.21767 0.159168864 0.652688577 0.0468010682 -0.0637932712 -0.0385208519 0.0116936079 0.997150852
1341845846.24968 0.157407195 0.65082953 0.0494995364 -0.0690632918 -0.037945418 0.0142624044 0.996788338
1341845846.2857 0.159081764 0.655067997 0.050195449 -0.0706686998 -0.0390125637 0.0157782606 0.996611761
1341845846.31874 0.159656645 0.658317093 0.0476048421 -0.07438158 -0.0376302873 0.0139399337 0.996422109
1341845846.34976 0.156422738 0.663843383 0.0468242936 -0.0766902877 -0.0362737322 0.0154172266 0.996275627
1341845846.38583 0.158053941 0.667161119 0.0462929372 -0.0786372706 -0.0370171974 0.0174029884 0.996063774
1341845846.41781 0.158790187 0.680437667 0.0453359199 -0.0793795078 -0.0350913935 0.0162038964 0.996094836
1341845846.45377 0.158840377 0.691623172 0.0435809724 -0.0807896158 -0.0350732218 0.0198686236 0.995915732
1341845846.48592 0.161233538 0.690830146 0.0431070375 -0.0840427636 -0.0364420308 0.0208364507 0.995577538
1341845846.51783 0.166254281 0.703631332 0.0404979779 -0.0838245683 -0.0343582801 0.0182737603 0.995720352
1341845846.55388 0.159988732 0.703812043 0.0368714227 -0.0893519012 -0.0320415917 0.0185997254 0.995310818
1341845846.58582 0.163849885 0.694852122 0.039484219 -0.0924551145 -0.0333904085 0.0186549204 0.994981973
1341845846.62196 0.168192601 0.702455871 0.0371267689 -0.092919965 -0.0325245293 0.0168703631 0.994999209
1341845846.65374 0.162529252 0.70453057 0.0349974883 -0.0951514638 -0.0314521553 0.0163617646 0.994831269
1341845846.68706 0.166343182 0.696772912 0.0358545063 -0.0970850199 -0.0313348602 0.0143081895 0.994679798
1341845846.72195 0.167621584 0.703531944 0.0355102002 -0.0950188042 -0.0299571012 0.0126304976 0.994944455
1341845846.75569 0.166393938 0.698243387 0.035511612 -0.0957006631 -0.0301637582 0.0130362947 0.994867622
1341845846.786 0.170109618 0.70255317 0.0357519358 -0.09216714 -0.0307701526 0.0133393252 0.995178616
1341845846.82177 0.16917169 0.694869785 0.0332108833 -0.0921336812 -0.0287034937 0.0113116603 0.995268577
1341845846.85378 0.163578845 0.678399785 0.0364923964 -0.0935394458 -0.0275284381 0.0106793081 0.995177627
1341845846.88973 0.156479584 0.669422818 0.0335290024 -0.0886157223 -0.0279227721 0.0140372718 0.995575476
1341845846.92176 0.157741688 0.659046723 0.0376932048 -0.0859014723 -0.0277717785 0.0108044694 0.995857886
1341845846.95378 0.15811331 0.647906572 0.0368869399 -0.0849647922 -0.0275090373 0.0106512869 0.995947181
1341845846.98963 0.158691049 0.634170896 0.0395178882 -0.0812832252 -0.0294856298 0.0120492483 0.996181936
1341845847.02182 0.157991625 0.629443405 0.0402896799 -0.0759302548 -0.0305072327 0.0115429607 0.996579483
1341845847.05368 0.158137761 0.617271754 0.0390078735 -0.0765501021 -0.030941798 0.0104139315 0.996531102
1341845847.08969 0.149195621 0.599887224 0.0393558436 -0.0778651196 -0.032305813 0.0104491502 0.996385554
1341845847.12184 0.156195513 0.597132545 0.0425514922 -0.0703237143 -0.0355442461 0.00762840747 0.99686157
1341845847.15775 0.160065287 0.591682297 0.0420982313 -0.0666771283 -0.0350928551 0.00785856699 0.997126318
1341845847.18962 0.162103378 0.585347278 0.0432231425 -0.0623320763 -0.0346117006 0.0101759249 0.997403225
1341845847.2218 0.170179116 0.563810739 0.0464342167 -0.0618239472 -0.0338858031 0.0113611525 0.997446979
1341845847.25773 0.164387981 0.548971873 0.041576514 -0.0608289909 -0.0306164063 0.0119369704 0.997607126
1341845847.28994 0.165659226 0.54234726 0.0411635697 -0.0583912342 -0.0313405323 0.0130757655 0.997716021
1341845847.32179 0.16893214 0.531531401 0.0408162727 -0.0566498773 -0.0309766884 0.0113307174 0.997849112
1341845847.35792 0.169226181 0.521727488 0.0382169711 -0.0551638344 -0.0297141799 0.0104492939 0.997980376
1341845847.39018 0.170006522 0.513805822 0.0370938675 -0.053235949 -0.0297873547 0.0088625253 0.998098243
1341845847.42582 0.173813619 0.50441414 0.0358178092 -0.0531061474 -0.0288135875 0.00686370349 0.99814949
1341845847.47514 0.16942025 0.489982788 0.0345146433 -0.0533317584 -0.026685766 0.00699153841 0.998195728
1341845847.48995 0.17060085 0.482965845 0.0314206442 -0.0525986189 -0.02818647 0.00834824093 0.998182957
1341845847.52581 0.169015042 0.474964276 0.02726436 -0.0531487836 -0.0296744047 0.00702659441 0.998120866
1341845847.55776 0.168181047 0.468537008 0.0208855626 -0.0570772551 -0.0311925482 0.000743121683 0.997882087
1341845847.59405 0.172479572 0.453320279 0.0252067717 -0.0604222622 -0.0339977002 -0.00106021838 0.997593195
1341845847.62569 0.174532942 0.436448592 0.0239344682 -0.0584020263 -0.0343568887 0.0010623634 0.997701197
1341845847.65769 0.173403136 0.433522291 0.0192897591 -0.0556124972 -0.0340544003 0.00306884064 0.99786679
1341845847.69376 0.176902207 0.423562498 0.0154238464 -0.055695962 -0.034182386 0.00361752066 0.99785592
1341845847.72569 0.179236489 0.414087267 0.0141965304 -0.0562682865 -0.0332921713 0.00350764513 0.997854302
1341845847.7578 0.178119772 0.398127029 0.0163100669 -0.0566233661 -0.0335463982 0.00720403758 0.997805861
1341845847.79425 0.170527771 0.393324397 0.0071881644 -0.0552911473 -0.0336023163 0.00766567559 0.997875248
1341845847.82571 0.172696227 0.3850492 0.0101398879 -0.056588825 -0.034507313 0.00692978761 0.997776993
1341845847.86194 0.17064443 0.377538529 0.00486840168 -0.0566993214 -0.0350448076 0.0078886442 0.997744866
1341845847.89372 0.171031746 0.363740459 0.00738759177 -0.0583411697 -0.0378233235 0.0119646672 0.997508171
1341845847.9259 0.173608548 0.363531411 0.00317091322 -0.0550156836 -0.0402263045 0.013098954 0.997588861
1341845847.96195 0.172424563 0.359509751 0.00259094336 -0.0555171308 -0.0390348687 0.0123858256 0.997617521
1341845847.9937 0.167683004 0.347343582 0.000472539195 -0.0555601078 -0.0393422164 0.0146132207 0.997572914
1341845848.02562 0.17324477 0.340829682 0.000125028523 -0.0556023207 -0.0412877661 0.0162911169 0.99746594
1341845848.06173 0.171859563 0.335615506 0.000520145169 -0.05464862 -0.0409198235 0.0165468076 0.997529598
1341845848.09374 0.168580882 0.332988295 -0.0042109529 -0.0547650412 -0.0417539965 0.0170739747 0.997479761
1341845848.13264 0.170126039 0.323056758 -0.00146647632 -0.0559339401 -0.0448362902 0.0163089671 0.997293898
1341845848.16772 0.1743747 0.317975007 -0.00297390798 -0.0555668841 -0.0451910496 0.0129049443 0.997348261
1341845848.20052 0.170678765 0.311931923 -0.00566259068 -0.0562666179 -0.0443135495 0.0125982027 0.997352326
1341845848.23227 0.17094144 0.302062327 -0.00681859953 -0.0572650254 -0.0463530184 0.0138901912 0.997185628
1341845848.26788 0.174540453 0.294595612 -0.00733525039 -0.0564401731 -0.04683548 0.0136116655 0.997213953
1341845848.30115 0.174845885 0.295721211 -0.0132286242 -0.0564694816 -0.0462487715 0.0135987384 0.997239852
1341845848.33574 0.169794499 0.288662022 -0.0164919174 -0.060991083 -0.0472600011 0.0146110318 0.99691178
1341845848.36805 0.175316327 0.276926349 -0.0157012538 -0.0632404375 -0.0494871757 0.0129813928 0.996686084
1341845848.39967 0.173395911 0.273516854 -0.0205567733 -0.0631202285 -0.0497914946 0.0133868256 0.996673185
1341845848.43582 0.166105191 0.267293697 -0.0243448067 -0.0642999895 -0.0527719766 0.0159200826 0.996407136
1341845848.46771 0.181366956 0.268024072 -0.0231511394 -0.0642746221 -0.0555246762 0.0121341565 0.996312474
1341845848.50376 0.179838798 0.260782056 -0.0239214565 -0.0658166902 -0.0519599938 0.0115185682 0.996411383
1341845848.53604 0.174763324 0.25156365 -0.0254024272 -0.0672590171 -0.0521932264 0.0147585909 0.996260145
1341845848.56796 0.176706994 0.249605998 -0.0273587671 -0.0665255261 -0.0538609396 0.0152478913 0.996213258
1341845848.60366 0.178606717 0.245886573 -0.0269973389 -0.067127693 -0.0533480258 0.0139990764 0.996218795
1341845848.63616 0.17359729 0.238742623 -0.0293173585 -0.0681465947 -0.05325584 0.0149769142 0.996140326
1341845848.67182 0.175771245 0.224412974 -0.0231719198 -0.0686105667 -0.0551134778 0.0164256531 0.995984585
1341845848.70369 0.179204252 0.217167246 -0.0231364093 -0.0639199165 -0.0545778457 0.0168708315 0.996318663
1341845848.73579 0.178189132 0.2121062 -0.0258190345 -0.060430658 -0.0530099082 0.0188712177 0.996585151
1341845848.77165 0.175945102 0.208391001 -0.0282594021 -0.0584484871 -0.0528197778 0.0214358187 0.996661603
1341845848.80379 0.181093469 0.207503291 -0.0290003224 -0.0560369728 -0.0518705706 0.0217235099 0.996843714
1341845848.83976 0.181147043 0.21817866 -0.0336351606 -0.0557310363 -0.0486665689 0.0191224214 0.997075699
1341845848.87183 0.182338758 0.209670168 -0.0277804992 -0.0612762564 -0.0464461631 0.016904548 0.996896289
1341845848.90366 0.191278661 0.185365666 -0.0237413786 -0.0626790019 -0.0443806224 0.0160753431 0.99691689
1341845848.94062 0.194194818 0.178564843 -0.0168973648 -0.0543724212 -0.0386018368 0.021130299 0.997550524
1341845848.97328 0.180420033 0.193885804 -0.0198356212 -0.0463947229 -0.0327354982 0.022245641 0.998138792
1341845849.00862 0.180837517 0.192186537 -0.0153980034 -0.0447762603 -0.0302987065 0.0202830105 0.998331445
1341845849.05829 0.183259266 0.196238546 -0.00554841337 -0.0426607182 -0.0274430831 0.0194076289 0.998524053
1341845849.07214 0.178409232 0.196784361 -7.1110392e-05 -0.041405789 -0.0261071023 0.0204546934 0.998591801
1341845849.0871 0.184724732 0.201232585 0.00315701476 -0.040778238 -0.0265939822 0.019675624 0.998620431
1341845849.1338 0.195002477 0.201000081 0.0146847722 -0.0426494613 -0.0223583602 0.0157540596 0.998715644
1341845849.16592 0.186739997 0.200998145 0.0248545611 -0.0424473118 -0.0171585103 0.0160448335 0.998822494
1341845849.20166 0.183182195 0.199771168 0.0318688746 -0.0405841061 -0.0166039456 0.0180605438 0.998874895
1341845849.23365 0.188541814 0.204640958 0.0369515803 -0.0393125334 -0.0164100841 0.0172826747 0.998942713
1341845849.2657 0.187556272 0.211344371 0.0453564025 -0.0399727751 -0.0137898411 0.015629601 0.99898335
1341845849.30171 0.17682729 0.209071263 0.0523104534 -0.0423891708 -0.0127538966 0.0148298958 0.998909691
1341845849.33375 0.178214272 0.208875092 0.0587345663 -0.0431877032 -0.0147597818 0.0149605483 0.998845911
1341845849.36973 0.17731845 0.213907516 0.0686064151 -0.0438747384 -0.015491351 0.014043881 0.998818199
1341845849.40182 0.175200115 0.206706578 0.0799161111 -0.0448577895 -0.0161121101 0.0140624768 0.998764449
1341845849.4337 0.17907931 0.213450095 0.0855742386 -0.0427135264 -0.0164107351 0.0138122184 0.998857079
1341845849.46965 0.172398528 0.213511639 0.0921442308 -0.0437678569 -0.0153136588 0.0135667601 0.998832223
1341845849.50166 0.172473213 0.213422224 0.103254353 -0.0444162451 -0.016346475 0.0138839037 0.998782873
1341845849.5337 0.173483473 0.21439234 0.1124935 -0.043943507 -0.0155254812 0.013106922 0.998827381
1341845849.56979 0.168635928 0.223007106 0.119999435 -0.0442428443 -0.0145540524 0.0119829598 0.99884291
1341845849.60177 0.171544599 0.217199205 0.134874553 -0.046900008 -0.0148266858 0.011904217 0.998718603
1341845849.63784 0.171533215 0.214083508 0.143511772 -0.0462131007 -0.0124356961 0.0119457686 0.99878276
1341845849.66972 0.16758459 0.217618287 0.151974772 -0.0453107659 -0.0102767763 0.0117638799 0.998850806
1341845849.70194 0.168381066 0.220889276 0.163591569 -0.0454320395 -0.00855001094 0.0105692353 0.998874926
1341845849.73781 0.165835086 0.219194052 0.173242711 -0.0458746361 -0.00533443135 0.00979078545 0.998884979
1341845849.76971 0.157067226 0.221466398 0.180270949 -0.045571903 -0.00363042946 0.0106541297 0.998897648
1341845849.80588 0.156615678 0.220857258 0.191022455 -0.0458903168 -0.00563134576 0.011413324 0.998865408
1341845849.83866 0.160272442 0.228063224 0.199773589 -0.0451690756 -0.00656907452 0.00936398559 0.998913869
1341845849.87437 0.156864583 0.226632638 0.207513876 -0.0480311885 -0.00450096613 0.00679753198 0.998812565
1341845849.90578 0.152632271 0.22320765 0.218982381 -0.0496772041 -0.00463998577 0.00719636446 0.998728621
1341845849.94239 0.161956841 0.222527114 0.229127632 -0.0482642478 -0.00531581401 0.00703058205 0.998795713
1341845849.97014 0.156216168 0.229402151 0.235738043 -0.0475356674 -0.0014441269 0.00543341959 0.998853719
1341845850.00606 0.149470971 0.225982828 0.24261169 -0.0492423057 -0.000715621125 0.00460588912 0.998775985
1341845850.03805 0.150353139 0.224724901 0.250419376 -0.049565829 -0.00165504312 0.00250301584 0.998766351
1341845850.07461 0.152956522 0.223895084 0.2593805 -0.0485089094 -0.00169970452 0.00185974994 0.998819572
1341845850.09082 0.149840142 0.229405376 0.263314594 -0.0474479669 -0.000902755877 0.000749332658 0.998873022
1341845850.13773 0.14148125 0.232735685 0.269921814 -0.0492587936 -0.00196881617 -0.00152915314 0.998782938
1341845850.17378 0.143764597 0.228193342 0.279814768 -0.0515702104 -0.00514972881 -0.00266864962 0.998652528
1341845850.2059 0.145058245 0.228296115 0.288076848 -0.0518967254 -0.00673155206 -0.00267901789 0.998626176
1341845850.24511 0.140129454 0.231355004 0.295820727 -0.051999542 -0.00740157803 -0.00223849979 0.998617171
1341845850.27676 0.140503517 0.232167151 0.304044288 -0.052704847 -0.00926744241 -0.00326950375 0.998561778
1341845850.3122 0.138423679 0.234349091 0.311810995 -0.0531622738 -0.0101796919 -0.00487419158 0.998522102
1341845850.34383 0.137689652 0.237147835 0.319114445 -0.054924504 -0.0116982217 -0.0063325422 0.998401898
1341845850.38016 0.139936059 0.232271816 0.329094713 -0.0568406961 -0.0122880045 -0.00760080051 0.998278703
1341845850.41253 0.142984809 0.23114551 0.336318779 -0.0560389678 -0.0119807801 -0.00678255634 0.998333658
1341845850.4474 0.143063371 0.232870856 0.342700731 -0.0554675873 -0.0104662317 -0.0043939577 0.998395962
1341845850.51174 0.149803229 0.230515853 0.359930695 -0.0519048491 -0.00871412673 0.000746986324 0.998613735
1341845850.52679 0.145707262 0.233157969 0.364620217 -0.0508336216 -0.00623066093 0.00174334006 0.998686178
1341845850.5739 0.146554297 0.229418405 0.372984914 -0.0505104032 -0.00603351374 0.0019632908 0.99870338
1341845850.6098 0.146753566 0.231335515 0.376383505 -0.0485139557 -0.00569465497 0.00203191272 0.998804204
1341845850.64175 0.144389188 0.230570925 0.383722832 -0.0487171877 -0.00618120488 0.00105782838 0.998792926
1341845850.67376 0.149452376 0.228849517 0.387788515 -0.0471685745 -0.00707570637 -0.000613589277 0.998861694
1341845850.7098 0.148361262 0.231241581 0.395178166 -0.046474475 -0.00516790125 -0.0011717396 0.998905422
1341845850.74181 0.143936736 0.227819067 0.400388638 -0.0462524811 -0.00544045854 -3.13162353e-06 0.998914966
1341845850.77775 0.150512952 0.231304117 0.406479609 -0.0454108953 -0.00749100049 0.0002613275 0.998940272
1341845850.79375 0.149538174 0.23123227 0.413669191 -0.0448458246 -0.0065509096 0.000148427348 0.99897243
1341845850.84192 0.147314935 0.236738277 0.41771426 -0.0446067297 -0.00689927695 8.06415731e-05 0.998980797
1341845850.87777 0.149090371 0.235148274 0.424941168 -0.0462920046 -0.00787601358 -0.000332102283 0.998896846
1341845850.90979 0.149891089 0.237958538 0.429438239 -0.0461818494 -0.00701104781 -0.00106114758 0.998907882
1341845850.94178 0.148108309 0.239953373 0.436681029 -0.0471205311 -0.00611882308 -0.000262454112 0.998870435
1341845850.97777 0.14490237 0.238552293 0.443714211 -0.0476986914 -0.00637209934 0.00196946381 0.998839503
1341845851.00984 0.148850568 0.243385952 0.448616407 -0.0473138037 -0.00776590632 0.00426454372 0.998840782
1341845851.04577 0.150469639 0.245189284 0.456169199 -0.0486945238 -0.00754268793 0.00600799335 0.998767168
1341845851.07791 0.149415942 0.240390511 0.462386819 -0.0486265479 -0.00681542197 0.0082650685 0.998759579
1341845851.10999 0.146692958 0.249947664 0.465144735 -0.0465736276 -0.00678319758 0.0083298748 0.998857096
1341845851.14592 0.147770011 0.254229661 0.471737595 -0.0491390211 -0.00854616738 0.00618595743 0.998736228
1341845851.17791 0.1544922 0.252445255 0.47814662 -0.0510780072 -0.00885723248 0.00334342943 0.998649793
1341845851.20989 0.142533062 0.257562408 0.481768846 -0.0519519071 -0.00627073097 0.000996899228 0.998629402
1341845851.25174 0.143703429 0.254390956 0.489335357 -0.0547178663 -0.0101564276 0.00112131275 0.99844957
1341845851.26477 0.156918361 0.251262435 0.49688961 -0.0540008886 -0.0125510247 0.00053199368 0.998461863
1341845851.31412 0.147099884 0.254810104 0.49961695 -0.0516761706 -0.00818165375 0.000768123977 0.998630084
1341845851.34586 0.142061198 0.25127371 0.503554967 -0.051552387 -0.00957695895 0.00413864588 0.998615794
1341845851.37772 0.147206362 0.255110689 0.509229941 -0.0488567354 -0.0128335247 0.00662284135 0.998701386
1341845851.41386 0.147871583 0.264996436 0.510602759 -0.0480139738 -0.0132623708 0.00557700144 0.998743042
1341845851.4459 0.138410568 0.263397697 0.516524815 -0.0515109452 -0.0140959141 0.00444356404 0.998563059
1341845851.47817 0.141542455 0.264123828 0.518571799 -0.0515541948 -0.0179971338 0.00460136137 0.998497419
1341845851.51465 0.148076972 0.270180313 0.519492975 -0.0526234956 -0.0191726646 0.0047833663 0.998418898
1341845851.54682 0.144396475 0.271260239 0.527523363 -0.0551340121 -0.0178118488 0.00576185116 0.998303451
1341845851.58247 0.146156227 0.264349917 0.53134182 -0.0567681012 -0.0178500802 0.0087016235 0.998189881
1341845851.6173 0.145420462 0.267790399 0.533102127 -0.0535880924 -0.0163862121 0.0138899889 0.998332047
1341845851.63214 0.142589706 0.273412241 0.534119755 -0.0545726261 -0.0167146438 0.0169146074 0.9982266
1341845851.68209 0.147559527 0.266300421 0.540171452 -0.0552991491 -0.018811076 0.0158070694 0.998167463
1341845851.71415 0.145581196 0.27033384 0.54189586 -0.0531283761 -0.017695532 0.0160507999 0.998301866
1341845851.74593 0.140856116 0.273278811 0.54471042 -0.0536471666 -0.0190604488 0.0175464278 0.998223824
1341845851.78196 0.148863717 0.271613259 0.548332341 -0.054331474 -0.0221008947 0.0160273141 0.998149671
1341845851.81386 0.152259109 0.270986184 0.550883611 -0.0535363563 -0.020912858 0.0136861346 0.998253074
1341845851.84992 0.148089883 0.270709298 0.552878827 -0.0536890978 -0.0203300687 0.0123189383 0.998274718
1341845851.88184 0.156309235 0.257912701 0.557921274 -0.0535234035 -0.0224360196 0.0116359645 0.9982467
1341845851.91374 0.159442093 0.270960345 0.552594448 -0.0470861896 -0.0199198644 0.00828883339 0.998657792
1341845851.94991 0.155178377 0.264853209 0.556017866 -0.04995629 -0.0182269437 0.00522917414 0.998571381
1341845851.98233 0.160824607 0.259531966 0.555868491 -0.0482529232 -0.0182635069 0.00251234718 0.998665003
1341845852.01793 0.164646935 0.265390408 0.552079654 -0.0461436497 -0.0162381589 0.0021489862 0.998800514
1341845852.05004 0.165812672 0.26588736 0.548561951 -0.0465609085 -0.0142639276 -1.19503422e-05 0.998813607
1341845852.08205 0.168433276 0.262589269 0.54847899 -0.0471053363 -0.0109709737 -0.00117034812 0.998828992
1341845852.12165 0.171469512 0.264960931 0.5425498 -0.0457695762 -0.00849704531 -0.000129581029 0.998915877
1341845852.16386 0.174340605 0.261385577 0.539791079 -0.0473511701 -0.00518304152 0.000476852807 0.998864743
1341845852.19266 0.172318661 0.261331471 0.534603799 -0.0461600653 -0.00203009255 0.00160688441 0.998930701
1341845852.22399 0.170718614 0.259471182 0.533945466 -0.0468825758 -0.00154129608 0.00329013938 0.9988938
1341845852.27268 0.172471686 0.256141128 0.5287226 -0.045400536 -0.00199301122 0.00370070347 0.998960021
1341845852.28721 0.168432422 0.263520153 0.523380549 -0.0446237871 -0.00166109576 0.00417538436 0.998993756
1341845852.30281 0.166220661 0.258838204 0.519657726 -0.0468280068 -0.00398374377 0.00434589181 0.998885569
1341845852.35021 0.170342476 0.256175016 0.515397908 -0.0477085913 -0.0051318759 0.00610561384 0.998829453
1341845852.38566 0.163122195 0.256034767 0.508946803 -0.0473820337 -0.00569614514 0.00903642121 0.998819723
1341845852.41774 0.16663391 0.25890807 0.50267209 -0.0483681814 -0.00943039009 0.00912685605 0.998743354
1341845852.44975 0.167514862 0.252482407 0.498296479 -0.0503308077 -0.00932387758 0.00782186134 0.998658447
1341845852.48589 0.159510892 0.25610606 0.491019838 -0.0500025213 -0.00925202055 0.00605739172 0.998687867
1341845852.51816 0.161234421 0.253283413 0.485104208 -0.0530832069 -0.0122080718 0.00440660167 0.998505743
1341845852.55423 0.158837803 0.24641575 0.480014485 -0.0526310115 -0.013198773 0.00726416238 0.998500376
1341845852.57016 0.156036242 0.255239624 0.469062866 -0.0510112795 -0.0143569489 0.00851977852 0.998558531
1341845852.6179 0.152969547 0.25056049 0.461594983 -0.0528160558 -0.0160930211 0.00845498974 0.998438777
1341845852.65386 0.155582526 0.25212918 0.453005625 -0.052639535 -0.0174629042 0.00774817192 0.998430815
1341845852.68594 0.151342 0.250847831 0.445923484 -0.0538767535 -0.0164790619 0.00697954493 0.99838721
1341845852.71783 0.147600037 0.250762676 0.438851401 -0.0540018666 -0.0178145332 0.0100292268 0.998331536
1341845852.75399 0.153698893 0.253476911 0.431563516 -0.0530646374 -0.0186638562 0.0119847559 0.998344715
1341845852.78588 0.149753119 0.256259012 0.421075771 -0.0543174871 -0.015277802 0.0118568036 0.998336424
1341845852.82283 0.143450364 0.25011745 0.412400567 -0.0553310024 -0.0150180158 0.0136245769 0.998262145
1341845852.83831 0.149028975 0.256008202 0.40473342 -0.0545097676 -0.0161127381 0.0136454661 0.998289971
1341845852.88593 0.147440647 0.251361551 0.396847984 -0.0555149606 -0.0134441529 0.0127613327 0.998285777
1341845852.92159 0.14135094 0.254134516 0.386578715 -0.0545730684 -0.0122946736 0.0122481614 0.998358955
1341845852.95401 0.147357183 0.246857886 0.383201992 -0.0543619105 -0.0118681589 0.0114978288 0.99838456
1341845852.98973 0.139975805 0.255898835 0.372443478 -0.05053526 -0.00892040779 0.0110092616 0.998621755
1341845853.02172 0.132482408 0.257400206 0.363047179 -0.0545501164 -0.0110946766 0.00765933307 0.998420016
1341845853.05376 0.134931902 0.251088489 0.358028894 -0.0547492205 -0.0133097114 0.00794304076 0.998379829
1341845853.08982 0.132613822 0.261598455 0.347152663 -0.0535493451 -0.013404255 0.00704164828 0.998450404
1341845853.12189 0.129677529 0.255729602 0.342045232 -0.0568258077 -0.0144531242 0.00615263194 0.998260527
1341845853.15971 0.1320409 0.250186205 0.337027468 -0.0556352262 -0.0150091886 0.00738592332 0.998311021
1341845853.19583 0.126181616 0.254723522 0.326163277 -0.0531292112 -0.0141962747 0.00808643589 0.998453986
1341845853.22774 0.12657945 0.255779514 0.317758571 -0.0537889779 -0.0152602825 0.00764341125 0.998406454
1341845853.26371 0.129761962 0.247539592 0.312796031 -0.053944456 -0.0149785442 0.00754360751 0.998403091
1341845853.2965 0.124496532 0.248603571 0.301790316 -0.0512803972 -0.0132702881 0.00748213874 0.998568094
1341845853.32776 0.118263527 0.249219056 0.291835498 -0.0502652613 -0.0141731135 0.00777453081 0.998605069
1341845853.3639 0.125197901 0.244744391 0.286548273 -0.0499995007 -0.0160278803 0.00836886436 0.998585559
1341845853.39573 0.124579275 0.246993534 0.274506981 -0.047795048 -0.0136465403 0.00721142807 0.998737904
1341845853.4638 0.116957462 0.242561011 0.257848671 -0.0484095581 -0.0146546454 0.00712949954 0.998694611
1341845853.47681 0.119517827 0.25010054 0.244328826 -0.0469229332 -0.0143973793 0.00539530299 0.998780178
1341845853.52581 0.110174911 0.247796944 0.237192755 -0.0492417476 -0.0139869104 0.00444389372 0.998679062
1341845853.55778 0.110932001 0.241624176 0.228573997 -0.0493902003 -0.016255152 0.00530435831 0.998633187
1341845853.58972 0.110642529 0.245759433 0.218963525 -0.0481139859 -0.0163370983 0.00510847072 0.998695172
1341845853.62592 0.105372814 0.246860166 0.209420526 -0.048092864 -0.016226806 0.00579743432 0.998694226
1341845853.65816 0.107710171 0.244448243 0.203078611 -0.0486283375 -0.0177569188 0.00689759269 0.998635269
1341845853.68998 0.109443477 0.242502503 0.194498409 -0.0471684558 -0.0170428567 0.0080673013 0.998708965
1341845853.72581 0.104897894 0.248293248 0.183372042 -0.0456898133 -0.0154695629 0.00844856682 0.998800158
1341845853.75844 0.103147804 0.243855911 0.174424703 -0.0460435458 -0.0150483229 0.0101141829 0.998774871
1341845853.79404 0.102758039 0.243355601 0.165371943 -0.0440349861 -0.0148006558 0.0125358112 0.998841686
1341845853.82579 0.100648003 0.248043739 0.156624904 -0.0434294884 -0.0144754161 0.0116252151 0.998883975
1341845853.85771 0.0935910355 0.244861846 0.150532289 -0.0442621704 -0.0145514845 0.0108427122 0.99885512
1341845853.89381 0.0920247114 0.245192239 0.140308768 -0.0432079986 -0.0165377833 0.0096313393 0.99888278
1341845853.92585 0.0959948072 0.252567044 0.129031223 -0.0438166482 -0.0178452874 0.00534836116 0.998865878
1341845853.95774 0.0933786456 0.245964877 0.127083683 -0.0463510818 -0.0164808626 0.0024239141 0.998786305
1341845853.99386 0.0873426524 0.242334799 0.120385718 -0.0448450341 -0.015862657 0.00501080684 0.99885544
1341845854.02584 0.0901403451 0.249194446 0.111944776 -0.0422857803 -0.0175889354 0.00689111365 0.998926952
1341845854.06192 0.0928510576 0.258382815 0.106424239 -0.0442587264 -0.0166542232 0.00186699017 0.99887953
1341845854.09379 0.0844257769 0.246066557 0.10317986 -0.0469234505 -0.0149152203 8.54811355e-05 0.998787124
1341845854.12574 0.0762473621 0.251418231 0.0931637334 -0.0442746012 -0.0167561848 0.000400294377 0.998878786
1341845854.16184 0.0854582639 0.255505293 0.0862022121 -0.0445600655 -0.0207296958 0.00017373351 0.998791595
1341845854.19387 0.0893594746 0.260217414 0.0803843199 -0.0468662697 -0.0188304446 -0.0024982811 0.998720544
1341845854.22993 0.0797271857 0.257799581 0.0774722117 -0.0487311512 -0.0169862696 -0.000563586467 0.998667324
1341845854.26171 0.0804222766 0.261035977 0.0718297143 -0.0485032202 -0.019346616 0.00398105101 0.998627707
1341845854.29379 0.0844328781 0.262512374 0.0665001713 -0.0489589978 -0.0192967236 0.00639469978 0.998593892
1341845854.33026 0.0829936254 0.271167822 0.0573910387 -0.0495495037 -0.0171288734 0.00685045734 0.998601282
1341845854.36169 0.0772186591 0.265487729 0.0520493095 -0.053278026 -0.0164178519 0.00714092001 0.998419207
1341845854.39373 0.0783101334 0.261108892 0.052364374 -0.0535571997 -0.0176041187 0.00954272258 0.998363991
1341845854.42977 0.085420394 0.269030904 0.0465005402 -0.0520103248 -0.016196149 0.00855623091 0.998478543
1341845854.46208 0.0793891988 0.264848104 0.0460193903 -0.0541725983 -0.0127545872 0.00911790971 0.99840849
1341845854.4978 0.0770180641 0.254334275 0.045801672 -0.0527487905 -0.0118993175 0.0124889248 0.998458811
1341845854.52973 0.0811934442 0.264119469 0.0373057568 -0.0488625956 -0.0120193396 0.0133194224 0.998644369
1341845854.56192 0.0780923522 0.264942659 0.0327671114 -0.0505115996 -0.0104598355 0.0101192564 0.99861743
1341845854.59787 0.0721569418 0.259235287 0.031413173 -0.0516939811 -0.0110589973 0.00630917644 0.998581807
1341845854.63008 0.0752599543 0.26037279 0.0278825354 -0.0513771726 -0.0135652209 0.00299855511 0.998582685
1341845854.66285 0.0784128895 0.257739842 0.026893416 -0.0519963392 -0.0141931625 0.00171714789 0.998544935
1341845854.69782 0.0777666154 0.253836182 0.0269968126 -0.0513939697 -0.0141950778 0.00253378378 0.998574354
1341845854.72982 0.0752666668 0.250209428 0.022438946 -0.0492806746 -0.0143454305 0.00350345736 0.998675798
1341845854.7657 0.0786516579 0.254785941 0.0177536711 -0.0472530124 -0.0156483403 0.00188058592 0.998758602
1341845854.79801 0.0811819891 0.25441897 0.0134209069 -0.0474730539 -0.0149215106 -0.000412912113 0.998760976
1341845854.82979 0.0733167734 0.252853809 0.00813022253 -0.0476580137 -0.0144995926 -0.0013160785 0.9987576
1341845854.86568 0.0794063486 0.251644278 0.0014377066 -0.0471127929 -0.0174900063 -0.00248942686 0.998733341
1341845854.89773 0.0852901045 0.255527277 -0.00747748199 -0.0477885129 -0.0169302018 -0.00620584124 0.998694705
1341845854.93031 0.0824696242 0.248986861 -0.00940780329 -0.0501014036 -0.0146594658 -0.00552547013 0.998621259
1341845854.96581 0.0785079341 0.247738391 -0.017206211 -0.0494817083 -0.0146162364 -0.00311149467 0.998663229
1341845854.99764 0.0836576262 0.252985714 -0.0241837455 -0.0494602084 -0.0154065584 -0.0026971679 0.998653619
1341845855.03385 0.084915805 0.251102328 -0.0285997635 -0.0508857443 -0.0132605535 -0.00160694353 0.998615149
1341845855.06602 0.0728572208 0.248259977 -0.0373589692 -0.0507674287 -0.0122652633 0.000941727354 0.99863474
1341845855.0978 0.0699668186 0.256577701 -0.0450731597 -0.0503769535 -0.0160689569 0.00293931961 0.998596671
1341845855.13385 0.075264048 0.254858592 -0.0463474343 -0.0523999115 -0.0182640025 0.0020469975 0.998457052
1341845855.16585 0.069893107 0.255683283 -0.0533449911 -0.0532381264 -0.018345999 0.0011522435 0.998412639
1341845855.20215 0.0598408332 0.253020714 -0.0596570793 -0.0542457075 -0.0212890715 0.0023656439 0.998297843
1341845855.23376 0.0668855668 0.253775442 -0.0638707981 -0.0548364144 -0.0259318173 0.00046576312 0.99815845
1341845855.26583 0.0689865827 0.248697782 -0.0635237921 -0.0553098895 -0.0257013445 -3.84256694e-05 0.998138395
1341845855.30173 0.0644074775 0.246176599 -0.0676402011 -0.0536805483 -0.025328518 0.00265892245 0.998233337
1341845855.33374 0.0602542648 0.246314675 -0.0738149024 -0.0512163097 -0.0265646615 0.00668724307 0.99831182
1341845855.36578 0.0633686418 0.248955961 -0.0799549822 -0.0501667311 -0.0284592419 0.00969457184 0.998288228
1341845855.40195 0.066658308 0.24600593 -0.0833580437 -0.0506648784 -0.0281812673 0.0103951681 0.998263906
1341845855.43366 0.0606226322 0.241269193 -0.0889077617 -0.049544762 -0.0276227732 0.0124866515 0.998311766
1341845855.46983 0.0573465491 0.243999719 -0.0951435913 -0.0478704929 -0.0295195937 0.0146353479 0.99830998
1341845855.50302 0.0601051091 0.242908421 -0.0988378193 -0.0474955811 -0.031444605 0.0146240472 0.998269274
1341845855.53386 0.0633675005 0.243751406 -0.10201792 -0.0467768982 -0.0311695644 0.0116912431 0.998350487
1341845855.56999 0.057940505 0.240294034 -0.106411259 -0.0471949396 -0.0303837219 0.0093768862 0.998379457
1341845855.60172 0.0568195044 0.232877569 -0.106557535 -0.0467994657 -0.0322889398 0.00976627279 0.99833454
1341845855.63424 0.0573321806 0.235340689 -0.112180752 -0.0437419042 -0.0335842681 0.00822120378 0.998444367
1341845855.66967 0.0552069355 0.242633448 -0.118384203 -0.0437790858 -0.0333358409 0.00472456604 0.998473731
1341845855.70179 0.0511349164 0.232727197 -0.117279954 -0.0466047778 -0.0349059972 0.00357866253 0.998296929
1341845855.73777 0.0515651239 0.228271272 -0.117488049 -0.0449359036 -0.0369262657 0.0045767372 0.998296684
1341845855.76969 0.0469899364 0.234641286 -0.123509699 -0.0434586811 -0.0382814308 0.00511919592 0.998308404
1341845855.80216 0.0490678677 0.236803399 -0.125355446 -0.0441501725 -0.0402887775 0.00383980908 0.998204805
1341845855.83781 0.0511668125 0.230755849 -0.122128955 -0.0451002268 -0.0406955225 0.00247224567 0.998150155
1341845855.87011 0.0522007368 0.230176101 -0.128472688 -0.0437376954 -0.0405825959 0.00255959395 0.998215165
1341845855.90197 0.0517074368 0.232984974 -0.132604164 -0.0431924594 -0.0405359847 0.00330546712 0.998238608
1341845855.93772 0.0550721072 0.23063927 -0.131834365 -0.0432486676 -0.0408815747 0.00367889703 0.998220775
1341845855.96985 0.0566171573 0.229407515 -0.137133283 -0.0424517397 -0.0396681314 0.00374957823 0.998303676
1341845856.02192 0.0541458208 0.23250768 -0.142920783 -0.0419986469 -0.0385965136 0.00459020947 0.998361334
1341845856.03811 0.0570520019 0.2289873 -0.143622579 -0.0424357846 -0.03833797 0.00744092656 0.998335633
1341845856.06982 0.0559806599 0.23381442 -0.151936101 -0.0408405406 -0.0372088605 0.00902590804 0.998431812
1341845856.10578 0.0543521375 0.246053988 -0.157960717 -0.0422840356 -0.0366344688 0.0103229055 0.998380395
1341845856.13774 0.0562116944 0.239577866 -0.156310851 -0.0458412501 -0.03780178 0.0118167539 0.998163298
1341845856.16997 0.059090515 0.24725023 -0.164608617 -0.0468032963 -0.0375108009 0.0110085437 0.99813887
1341845856.20584 0.0598213092 0.24517134 -0.166226538 -0.0508265806 -0.0361856956 0.0114817414 0.997985683
1341845856.23759 0.0567773938 0.244131514 -0.162769095 -0.0518155955 -0.0366334596 0.0139511596 0.997887017
1341845856.27369 0.0593364878 0.250313415 -0.166058797 -0.0517817765 -0.0367744019 0.0141257642 0.997881132
1341845856.30573 0.0584894212 0.247549747 -0.169268552 -0.0530276336 -0.035125323 0.0149202381 0.997863552
1341845856.33766 0.0564402291 0.24768428 -0.172430634 -0.0536545868 -0.0347662821 0.0162910545 0.997821173
1341845856.37372 0.0546316842 0.244012694 -0.173055604 -0.0531615751 -0.0356763076 0.0179650266 0.997786704
1341845856.40571 0.055789907 0.249309766 -0.179266536 -0.0515681267 -0.036696344 0.0179050319 0.997834413
1341845856.4418 0.0540923924 0.251016932 -0.180901349 -0.0526988141 -0.036361583 0.0155598047 0.99782692
1341845856.47369 0.0519529994 0.247021583 -0.180436351 -0.0536956354 -0.0371157665 0.0147051336 0.997758968
1341845856.50577 0.0532172458 0.248818102 -0.184257893 -0.0530733478 -0.0387609751 0.0138107402 0.997742487
1341845856.54174 0.0572367468 0.253223478 -0.187141603 -0.0542135433 -0.0379954257 0.0119500254 0.997734652
1341845856.57368 0.0526907943 0.245858816 -0.184843519 -0.0558621622 -0.0363681894 0.0127095926 0.997694963
1341845856.60577 0.0516523719 0.246340676 -0.187070164 -0.0546895924 -0.0376547203 0.0149423059 0.997681261
1341845856.6418 0.0582151608 0.245957564 -0.184685833 -0.0538969609 -0.0379499482 0.0163649977 0.997690887
1341845856.67399 0.0599292696 0.251287664 -0.191901991 -0.0526465268 -0.0356402389 0.0152421249 0.997860609
1341845856.70988 0.051895726 0.248790499 -0.194161139 -0.0548728192 -0.0348744737 0.0162118498 0.997752435
1341845856.74174 0.0567395846 0.237234659 -0.18710852 -0.0541413713 -0.0373185176 0.0193283734 0.997648462
1341845856.77397 0.0624617654 0.251422123 -0.194601151 -0.0505178674 -0.0365285744 0.018005334 0.997892487
1341845856.8098 0.0520827976 0.253226811 -0.199355431 -0.0540065843 -0.0339585331 0.0154055946 0.997844063
1341845856.84205 0.0534122378 0.247135962 -0.197728115 -0.0555411263 -0.036154331 0.0155246009 0.997680828
1341845856.87377 0.057888555 0.254327262 -0.200798842 -0.0552510962 -0.0363717482 0.0146726568 0.997701922
1341845856.91594 0.05508923 0.259044698 -0.204715944 -0.0568581928 -0.0349944548 0.0136090468 0.997675963
1341845856.92918 0.0576889877 0.255507076 -0.203381225 -0.0597048032 -0.0347662736 0.0136423882 0.997517182
1341845856.97791 0.0579541316 0.252890056 -0.204363626 -0.0604921374 -0.0344322539 0.0156141344 0.997452415
1341845857.00974 0.0585552829 0.253310573 -0.205605942 -0.0599665944 -0.0344077537 0.0184812611 0.997435991
1341845857.04174 0.0620538695 0.252905651 -0.205495516 -0.0589907846 -0.0341490454 0.020586498 0.997461842
1341845857.07791 0.0614144175 0.255422769 -0.211883567 -0.0579878253 -0.0330588739 0.0209854098 0.997549064
1341845857.10965 0.0600274049 0.260352229 -0.217064244 -0.0584073169 -0.0328161101 0.0190748679 0.997570969
1341845857.14159 0.0649967521 0.255999761 -0.217501233 -0.0602863228 -0.0333342042 0.0171046955 0.997477729
1341845857.17827 0.0692908071 0.255266313 -0.219306474 -0.0601288984 -0.0317939355 0.013084436 0.997598345
1341845857.20985 0.0637426969 0.256661368 -0.230479527 -0.0605513098 -0.029491937 0.0106706971 0.997672241
1341845857.24577 0.0643228495 0.248658852 -0.227925932 -0.0619891215 -0.0303236695 0.0109790178 0.997555655
1341845857.27774 0.0700651869 0.249123099 -0.231876976 -0.0603304851 -0.0304338494 0.00989356673 0.99766534
1341845857.31026 0.068463124 0.247685362 -0.235832548 -0.0595608258 -0.0291594119 0.00949789713 0.99775349
1341845857.34587 0.0669051046 0.250112365 -0.243509644 -0.0595602535 -0.0289471945 0.00864026605 0.997767499
1341845857.37779 0.0686298277 0.242864654 -0.24030338 -0.0600935207 -0.0294009309 0.00824659322 0.997725587
1341845857.41371 0.0657801562 0.249736882 -0.248331398 -0.0583048742 -0.0291834867 0.00803566998 0.997839814
1341845857.44584 0.0647015373 0.250530527 -0.251643578 -0.0602525237 -0.030245222 0.00845318315 0.997689032
1341845857.47788 0.0684360703 0.242733425 -0.247313445 -0.0613636663 -0.0316661794 0.00896732712 0.997572724
1341845857.51391 0.071713191 0.250149393 -0.250247725 -0.0597768372 -0.0311102093 0.00768984958 0.997697224
1341845857.54602 0.0693870531 0.245634919 -0.251689172 -0.0609816854 -0.0303707725 0.0072359429 0.997650486
1341845857.56191 0.0734871269 0.241618154 -0.248933644 -0.0602617466 -0.030390032 0.0080253998 0.997687607
1341845857.61389 0.0800109979 0.2377307 -0.249998224 -0.0584808906 -0.029092926 0.00866437653 0.997826897
1341845857.64607 0.0811492953 0.239855264 -0.252288582 -0.0565372389 -0.0267370851 0.0103864538 0.997988372
1341845857.68184 0.0844154049 0.238610249 -0.252814706 -0.0557915701 -0.0248715908 0.0118797274 0.99806191
1341845857.71397 0.0954654676 0.232038812 -0.25532383 -0.0542811545 -0.0222714749 0.011798113 0.998207565
1341845857.74583 0.0932681092 0.230338468 -0.259353727 -0.0518091506 -0.0186061942 0.0129137999 0.998400148
1341845857.78181 0.0925424295 0.233569578 -0.265044227 -0.0503603385 -0.0177858764 0.0133620795 0.998483327
1341845857.81384 0.0994145628 0.232732194 -0.267318928 -0.0507447136 -0.0168050632 0.0117695688 0.998500897
1341845857.84606 0.1005488 0.230777099 -0.269885971 -0.0510051101 -0.0149463445 0.0120620353 0.998513692
1341845857.88199 0.0987546828 0.235199251 -0.281285607 -0.0514114081 -0.0141117951 0.0114185879 0.998512564
1341845857.91367 0.0977937796 0.239123063 -0.283367617 -0.0555594069 -0.014390442 0.00844761099 0.998315935
1341845857.94985 0.0968762174 0.236946314 -0.283975159 -0.0588758254 -0.0157828892 0.0073946183 0.998113149
1341845857.98218 0.0982396247 0.236530245 -0.287343456 -0.0609014229 -0.0183236226 0.00750093185 0.997947392
1341845858.01427 0.100403359 0.232045853 -0.290195655 -0.0629687228 -0.0209895464 0.00828095996 0.997760394
1341845858.05067 0.103422017 0.237827445 -0.291329922 -0.0631450406 -0.0225043164 0.00933375444 0.997706941
1341845858.08179 0.100713937 0.246874856 -0.303311032 -0.0653005521 -0.0225361688 0.00837484873 0.997575972
1341845858.11379 0.100647873 0.241735697 -0.298924746 -0.0702519938 -0.024305322 0.00837348625 0.997197971
1341845858.14974 0.104058165 0.248060862 -0.303021932 -0.0721926224 -0.0257586678 0.00866520088 0.997020376
1341845858.18208 0.10235097 0.241982495 -0.301350469 -0.0757151863 -0.0260705114 0.010373812 0.99673463
1341845858.21774 0.100941427 0.241905786 -0.304642857 -0.0759918019 -0.0282879042 0.0120632533 0.996634095
1341845858.28186 0.106797919 0.244131126 -0.306410817 -0.0789070592 -0.0282224297 0.00697516748 0.996457986
1341845858.31777 0.101486716 0.239281435 -0.30842572 -0.0790718724 -0.0300224227 0.00738610169 0.996389351
1341845858.34991 0.104869089 0.244395173 -0.312911158 -0.0779540644 -0.0327150898 0.00674351931 0.996397216
1341845858.38189 0.113653008 0.245174189 -0.310398126 -0.0784069057 -0.0327554916 0.00483781534 0.996371432
1341845858.41785 0.108204449 0.237455032 -0.311723765 -0.078549962 -0.0306440192 0.00495904584 0.996426744
1341845858.44992 0.107453538 0.237829859 -0.317508795 -0.0765117952 -0.0319480573 0.00557741774 0.996541098
1341845858.48585 0.107599505 0.243300381 -0.321169625 -0.075854193 -0.0328007395 0.00341883293 0.996573411
1341845858.51769 0.107979132 0.237564462 -0.31893148 -0.0766481441 -0.0332030394 0.00216367932 0.996502854
1341845858.54981 0.108561226 0.237149834 -0.32101819 -0.0757721112 -0.0342198304 0.00134349968 0.996536896
1341845858.58584 0.110644566 0.238535897 -0.321623066 -0.0749383578 -0.0356421522 0.00137094847 0.996550049
1341845858.61839 0.116961413 0.242832849 -0.329380289 -0.0755332677 -0.0353696796 -0.00119226544 0.996515073
1341845858.6544 0.112924592 0.235721811 -0.326628392 -0.0776250041 -0.0340708456 -0.00123064114 0.996399529
1341845858.68576 0.110556709 0.237220052 -0.328604581 -0.0775260616 -0.0353403593 0.00117456944 0.996363081
1341845858.7177 0.118815543 0.23986958 -0.328882768 -0.0771413484 -0.0356540974 0.000645361925 0.996382247
1341845858.75368 0.120468862 0.247411524 -0.336685897 -0.0778473929 -0.0331455131 -0.00141439149 0.996413146
1341845858.78565 0.113223384 0.239885593 -0.335706179 -0.0814049848 -0.0316218933 -0.00100363016 0.996178838
1341845858.81776 0.115523189 0.230012501 -0.331682514 -0.081770182 -0.0328073268 0.000978456181 0.996110616
1341845858.85387 0.120178571 0.237951437 -0.338400998 -0.0794663496 -0.0321186002 0.000255924071 0.996319943
1341845858.88572 0.118214748 0.242006218 -0.341359734 -0.080800959 -0.0304325263 -0.00215400276 0.996263232
1341845858.92201 0.117753878 0.233506579 -0.339635937 -0.0827171665 -0.0307517198 -0.00256684476 0.996095183
1341845858.95437 0.125139869 0.229908574 -0.337587671 -0.0817920486 -0.031388052 -0.00322187983 0.996149823
1341845858.98596 0.127071125 0.23588379 -0.342271445 -0.0811138053 -0.0296284876 -0.00423722563 0.996255363
1341845859.02185 0.123341867 0.244070102 -0.347805236 -0.0833826106 -0.0280367887 -0.00611871983 0.996104332
1341845859.05373 0.125760584 0.236681932 -0.345822882 -0.0863964885 -0.0281050056 -0.0067931186 0.995841156
1341845859.08587 0.12704623 0.236621457 -0.346512 -0.0867408828 -0.0274048346 -0.00644139256 0.99583307
1341845859.12189 0.12913921 0.239985408 -0.355576393 -0.0880625173 -0.026566764 -0.00696015836 0.995736289
1341845859.1541 0.130203138 0.235240616 -0.354665001 -0.0905597384 -0.0255551272 -0.00775807301 0.995532863
1341845859.18986 0.130315066 0.23473474 -0.356254905 -0.090271171 -0.0252048533 -0.00777463399 0.995567871
1341845859.22166 0.131499925 0.237856115 -0.35836886 -0.090225964 -0.0244929026 -0.00977888707 0.99557207
1341845859.2537 0.131397767 0.239242684 -0.360960219 -0.0915174502 -0.0229013388 -0.0136214226 0.995446906
1341845859.28976 0.134082568 0.236577669 -0.360399473 -0.0936957149 -0.0219893271 -0.0170394704 0.995212158
1341845859.32192 0.133529506 0.229914808 -0.360812723 -0.0948051191 -0.02146125 -0.0182038969 0.995097996
1341845859.35377 0.141634149 0.227672659 -0.361600634 -0.0945629229 -0.0211790938 -0.0190592368 0.995111072
1341845859.38997 0.14125434 0.226059966 -0.365800569 -0.0941599943 -0.0190205187 -0.0194472709 0.995185369
1341845859.42174 0.143991724 0.225119398 -0.366279089 -0.0938688192 -0.0176427853 -0.0213397903 0.995199473
1341845859.45782 0.145013367 0.225214502 -0.368830814 -0.0937878138 -0.0152583956 -0.0233639412 0.995201062
1341845859.48987 0.143631341 0.22713868 -0.368173067 -0.0939095037 -0.0136515245 -0.0233926407 0.995212251
1341845859.52176 0.145539797 0.221710171 -0.366997412 -0.0943170787 -0.0126813529 -0.0237825235 0.995177303
1341845859.55772 0.147749529 0.21559481 -0.368985537 -0.0930155447 -0.011416926 -0.0244571728 0.995298754
1341845859.58979 0.149711276 0.221599367 -0.37165336 -0.0924055037 -0.00965223729 -0.0254985937 0.995348119
1341845859.62565 0.152502821 0.215225007 -0.369988767 -0.0928924902 -0.0077511153 -0.0263020076 0.995298503
1341845859.65778 0.1572678 0.213607022 -0.370241914 -0.0922263154 -0.00468877636 -0.0265716782 0.995372427
1341845859.6899 0.148876289 0.215757865 -0.369586004 -0.0919580448 -0.00125045102 -0.0247546951 0.995454348
1341845859.72582 0.14912368 0.202972703 -0.36666639 -0.0908159091 -0.00126602169 -0.0221722002 0.995620039
1341845859.75784 0.162411899 0.210374723 -0.370864901 -0.0874843113 -0.000492399094 -0.0209979698 0.995944445
1341845859.79045 0.156155289 0.211329535 -0.368904466 -0.086009491 0.00242134149 -0.0206459976 0.99607743
1341845859.82586 0.149922545 0.203276623 -0.367484428 -0.0837448425 0.00270936501 -0.0197856818 0.996287101
1341845859.85765 0.157989651 0.206640845 -0.374775994 -0.079592009 0.00170629562 -0.0182016853 0.996659871
1341845859.89365 0.161113899 0.211553303 -0.37910945 -0.078490957 0.00271313657 -0.0182100434 0.996744803
1341845859.92574 0.157236794 0.211462479 -0.379758845 -0.0789953223 0.00346698604 -0.0201625449 0.996665034
1341845859.95779 0.155957323 0.204733589 -0.377455555 -0.0791473506 0.00227410779 -0.0211802329 0.996635301
1341845859.99389 0.155154812 0.205013823 -0.372828774 -0.075916478 0.000188556269 -0.0224712443 0.996860921
1341845860.02579 0.154870918 0.209105334 -0.377868792 -0.073973511 -0.000929904296 -0.0236842792 0.99697849
1341845860.05775 0.145893715 0.206319716 -0.380857062 -0.0731722274 -0.00365862347 -0.024207761 0.997018768
1341845860.09381 0.150667637 0.206482605 -0.378641141 -0.0723183677 -0.00844429328 -0.0252644122 0.997025806
1341845860.12578 0.152933162 0.201856113 -0.375883071 -0.0707426424 -0.0108344219 -0.0262960842 0.997089068
1341845860.16172 0.145069589 0.206795342 -0.380219676 -0.0689463102 -0.0129582839 -0.0264206779 0.99718626
1341845860.19374 0.142568424 0.196732887 -0.378738804 -0.0688281454 -0.0177597255 -0.0284117645 0.99706572
1341845860.22574 0.14751956 0.196261698 -0.374657207 -0.0656348346 -0.0218654317 -0.0314908695 0.997106963
1341845860.26173 0.143942817 0.199446375 -0.380370506 -0.0634504749 -0.0239707446 -0.0344044716 0.997103692
1341845860.29456 0.134535347 0.191645018 -0.372279702 -0.0621573185 -0.0280424913 -0.0349711997 0.997059227
1341845860.3259 0.142526523 0.192910753 -0.377391583 -0.05771344 -0.0338922333 -0.0366712021 0.997083596
1341845860.36168 0.144850611 0.192480813 -0.380023752 -0.0564377344 -0.036316414 -0.0377389777 0.997031429
1341845860.39372 0.14228906 0.190426695 -0.379760087 -0.0540798041 -0.0391784689 -0.0376150457 0.997058439
1341845860.42978 0.13978984 0.199643018 -0.38266002 -0.0526438397 -0.0422730845 -0.0388411196 0.996961875
1341845860.46192 0.144397424 0.197411761 -0.380441272 -0.0532859002 -0.0465821889 -0.0390207983 0.996728694
1341845860.49373 0.145739944 0.198328333 -0.379496302 -0.0529275812 -0.0485374449 -0.0378392807 0.996700043
1341845860.52984 0.143652997 0.200722254 -0.383273534 -0.0527726696 -0.0502348527 -0.0371040714 0.996651791
1341845860.56796 0.147153665 0.20443844 -0.390595906 -0.0538761713 -0.0519482761 -0.0375968023 0.996486435
1341845860.60433 0.147903329 0.204085157 -0.385818381 -0.0556271347 -0.052760334 -0.0396672236 0.996267274
1341845860.63881 0.146377828 0.202718192 -0.38571104 -0.0571115225 -0.0534337593 -0.0395491933 0.996152081
1341845860.66879 0.145248401 0.200097089 -0.385188903 -0.0575919919 -0.055339809 -0.0377692082 0.996089431
1341845860.70634 0.147809469 0.199319676 -0.385359147 -0.0568303259 -0.0573341118 -0.0358325533 0.996091934
1341845860.73711 0.143778049 0.207863189 -0.392438723 -0.0567386003 -0.0581443691 -0.0349583462 0.996081261
1341845860.77316 0.136188756 0.204801206 -0.390535309 -0.0591955508 -0.0611329535 -0.0333483246 0.99581451
1341845860.80385 0.143775709 0.20756857 -0.39322605 -0.0594844316 -0.0644508178 -0.0345628926 0.995546634
1341845860.87174 0.135347118 0.203899953 -0.391437532 -0.0624990654 -0.0672273163 -0.0338746917 0.995201919
1341845860.88546 0.144079623 0.205765258 -0.395177641 -0.0618126033 -0.0704901239 -0.0343422461 0.995002992
1341845860.92978 0.146227245 0.208671465 -0.393920386 -0.0624885293 -0.0704870684 -0.0362914964 0.994891795
1341845860.96615 0.140865181 0.203643854 -0.390184101 -0.0632034888 -0.071138618 -0.0373679204 0.994760401
1341845860.99784 0.140550159 0.20125334 -0.38879784 -0.0621563614 -0.0726211495 -0.0372235167 0.994724668
1341845861.02997 0.144054477 0.202992318 -0.39186369 -0.060479378 -0.0739878112 -0.0372373332 0.994726812
1341845861.06582 0.145852112 0.209379095 -0.389870365 -0.0609578845 -0.0734946099 -0.0390114294 0.994666169
1341845861.09764 0.145782347 0.198013373 -0.386494842 -0.0615462963 -0.0731769889 -0.0396788974 0.994626949
1341845861.13379 0.146897261 0.206737655 -0.388113981 -0.059816064 -0.0722755327 -0.0404028917 0.994769266
1341845861.16566 0.146750714 0.20522125 -0.387883611 -0.0612364028 -0.0711917461 -0.0406861153 0.994749455
1341845861.19774 0.146797446 0.197090974 -0.383870862 -0.0617313602 -0.0703780718 -0.0402487514 0.994794554
1341845861.23369 0.149770824 0.20270055 -0.38557281 -0.0600706834 -0.069303851 -0.0405580439 0.994959062
1341845861.26572 0.143999209 0.200140103 -0.382138336 -0.0603029327 -0.0681260816 -0.0394809408 0.99506967
1341845861.29771 0.146754947 0.203299851 -0.384381876 -0.0594088606 -0.0689270051 -0.0377489893 0.995135503
1341845861.33362 0.149779439 0.203690296 -0.383956905 -0.0604909321 -0.067497148 -0.0393319737 0.995107018
1341845861.3657 0.143304796 0.196633582 -0.37667523 -0.0610949749 -0.0665936044 -0.0384765711 0.995164433
1341845861.40996 0.146888209 0.201070244 -0.381765768 -0.0591225948 -0.0681477904 -0.0368531973 0.99523979
1341845861.44143 0.148957784 0.197409387 -0.377834985 -0.0599573942 -0.0681837134 -0.0366646882 0.995194349
1341845861.47263 0.146113307 0.196768782 -0.377610704 -0.0586741626 -0.0675546656 -0.0370616904 0.995299021
1341845861.50764 0.144732017 0.201084107 -0.380180985 -0.0581924602 -0.0676163131 -0.0384734632 0.995269544
1341845861.53968 0.145515425 0.193581123 -0.375074042 -0.058403273 -0.0682349576 -0.0386593879 0.995207767
1341845861.5718 0.149508574 0.200635028 -0.376274578 -0.0570140413 -0.0678838144 -0.0390912872 0.995295463
1341845861.60777 0.146037123 0.197739949 -0.376313939 -0.0578493347 -0.067504748 -0.0393510537 0.995262809
1341845861.64007 0.148227383 0.193294559 -0.367535759 -0.0573257611 -0.0679963424 -0.0391772895 0.995266494
1341845861.67188 0.149498743 0.193580135 -0.368869027 -0.0558120134 -0.0676470716 -0.0387986952 0.995391156
1341845861.70783 0.148099465 0.191694614 -0.363752511 -0.0545733268 -0.0677026061 -0.0382782252 0.995476211
1341845861.73979 0.154394748 0.196225939 -0.36498035 -0.0525730501 -0.0676475464 -0.042653875 0.99540973
1341845861.77572 0.155291986 0.196989826 -0.365117015 -0.0536404827 -0.0661884431 -0.0477080652 0.995221447
1341845861.80768 0.153477586 0.189172248 -0.359798702 -0.0545284112 -0.066352348 -0.0473423058 0.995179745
1341845861.83971 0.153834525 0.191212679 -0.362718184 -0.0524798277 -0.0678319415 -0.0453744699 0.995281796
1341845861.87578 0.157219784 0.191178298 -0.362520567 -0.052131173 -0.0692539948 -0.0446403981 0.995235379
1341845861.90775 0.160021484 0.190237894 -0.362200359 -0.0521200032 -0.069716993 -0.0441413647 0.995225897
1341845861.93971 0.156631087 0.190202456 -0.359648077 -0.0517799533 -0.0698947845 -0.0431058592 0.995276565
1341845861.97567 0.157529098 0.190619958 -0.360097309 -0.0512163465 -0.0712295344 -0.0439555866 0.995173927
1341845862.00794 0.164605131 0.192414316 -0.359046784 -0.0515097003 -0.0712311693 -0.0461333001 0.995060094
1341845862.03968 0.160904575 0.184189644 -0.351950598 -0.0516360819 -0.0699357701 -0.0450686766 0.995194211
1341845862.07575 0.164665424 0.182348105 -0.354040992 -0.0491335317 -0.0691619797 -0.0435777279 0.995441359
1341845862.10765 0.171312235 0.188148913 -0.355403232 -0.0468554711 -0.0679292805 -0.0440991529 0.995613099
1341845862.14394 0.174486276 0.197808743 -0.358742194 -0.0475011166 -0.0645594615 -0.0473694948 0.995656492
1341845862.17603 0.165430317 0.195369388 -0.357359064 -0.0502855006 -0.0622965638 -0.0477719013 0.995644692
1341845862.20768 0.171375841 0.197077564 -0.361448937 -0.0514318253 -0.0620223234 -0.0492416794 0.995531645
1341845862.24383 0.170912262 0.204897018 -0.362781866 -0.0545181213 -0.0594632577 -0.0520776326 0.995379232
1341845862.27576 0.164151519 0.1979072 -0.355239939 -0.0587674209 -0.058711865 -0.0507323268 0.995251495
1341845862.31176 0.165320587 0.192677635 -0.350120936 -0.0590516361 -0.0596553095 -0.0466297818 0.99537923
1341845862.34375 0.172244622 0.194548589 -0.347995 -0.0579251073 -0.0593870375 -0.0433158641 0.995611168
1341845862.3758 0.176828154 0.193657995 -0.346321965 -0.0572642074 -0.0571338571 -0.040617367 0.995894956
1341845862.41176 0.179019971 0.190236083 -0.344366139 -0.0565321792 -0.0543002171 -0.0383345068 0.996185758
1341845862.44371 0.179811456 0.189078397 -0.342630175 -0.05447036 -0.0514853033 -0.0349146303 0.996575743
1341845862.4797 0.180815352 0.189046161 -0.341541597 -0.0521035099 -0.049488493 -0.0321026958 0.996897954
1341845862.51173 0.184541686 0.195441419 -0.347197647 -0.0507060687 -0.0465893364 -0.03337604 0.997067885
1341845862.54379 0.179943733 0.193690543 -0.347435371 -0.0518571656 -0.0440297313 -0.0336001952 0.997117468
1341845862.57988 0.179547051 0.190691565 -0.346887746 -0.0512199751 -0.0436169794 -0.0323401275 0.997210203
1341845862.61177 0.184523774 0.193408146 -0.346668322 -0.0501277949 -0.0426404537 -0.0315761195 0.997332414
1341845862.64794 0.186484303 0.198546478 -0.347398338 -0.0499605776 -0.0401071315 -0.0325474794 0.997414668
1341845862.68002 0.182993821 0.192742579 -0.348660332 -0.0509773241 -0.0382889631 -0.0324727453 0.99743711
1341845862.71233 0.185632517 0.194422447 -0.347177837 -0.0498944226 -0.0379311813 -0.031934301 0.997522918
1341845862.74775 0.190276444 0.193726683 -0.348313424 -0.0500759054 -0.0360884826 -0.0329911577 0.997547798
1341845862.77976 0.184098997 0.188274239 -0.347502882 -0.0495180878 -0.0336252257 -0.0340151392 0.997627322
1341845862.81577 0.181306258 0.19071253 -0.350795846 -0.0476166316 -0.0334669602 -0.0342601251 0.997716825
1341845862.84793 0.181646628 0.192331216 -0.350013389 -0.0472160521 -0.0343200384 -0.0347204686 0.997690968
1341845862.87972 0.179401103 0.192882155 -0.351393064 -0.0467070128 -0.0351045632 -0.0348280155 0.997683885
1341845862.91603 0.1791329 0.194490822 -0.352042883 -0.0463058768 -0.0362110158 -0.0350550676 0.997655086
1341845862.9482 0.182590269 0.188594315 -0.348756112 -0.0459387568 -0.0367168962 -0.034474405 0.997673802
1341845862.98375 0.185581238 0.19146867 -0.354101055 -0.0441177589 -0.0353553641 -0.0343109162 0.997810795
1341845863.01587 0.181137849 0.194777255 -0.356067997 -0.0446961528 -0.0338216267 -0.0347196437 0.997824082
1341845863.04862 0.179848839 0.191003267 -0.351193771 -0.0452721855 -0.0344861365 -0.0348452609 0.997770987
1341845863.0838 0.183687194 0.194064072 -0.353573718 -0.0440571023 -0.0343136452 -0.0361454516 0.997785073
1341845863.11582 0.176252788 0.195622925 -0.356060677 -0.0451497545 -0.0335056927 -0.0368371708 0.997738388
1341845863.15227 0.178023079 0.191690046 -0.353173791 -0.044997782 -0.0352032952 -0.0355770022 0.997732532
1341845863.18372 0.180148036 0.194850975 -0.355673494 -0.0440270781 -0.0358032005 -0.0354601535 0.997758651
1341845863.21613 0.180155411 0.1961807 -0.355989597 -0.0443458639 -0.0354904344 -0.0358908606 0.997740307
1341845863.25224 0.180606939 0.196658368 -0.357444639 -0.0452747339 -0.0351859874 -0.0363981981 0.997690992
1341845863.28363 0.179442831 0.193942138 -0.355076152 -0.0460090158 -0.0348228611 -0.0358442281 0.997690197
1341845863.31598 0.18064874 0.19654304 -0.358089686 -0.0455628393 -0.0348117062 -0.0352110082 0.997733611
