1341845820.75185 -0 -0 -0 0 0 0 1
1341845820.78777 0.00349509056 -0.00331031188 8.30516569e-05 -0.000142255967 -0.00158594719 -0.00212259073 0.99999648
1341845820.81966 0.00521304005 -0.00138374506 -0.000925214639 0.000623691615 -0.00141413114 -0.00362439758 0.999992237
1341845820.85225 0.00470869184 -0.00140984038 -0.00186626575 0.000593701006 -0.00100145249 -0.00458551999 0.999988809
1341845820.88789 0.00428841842 0.000522678754 -0.0020891925 0.0010871119 -0.000900014761 -0.00533013962 0.999984799
1341845820.9201 0.00140135174 0.00214649043 -0.00356899724 0.000291260044 -0.000639464545 -0.00589362136 0.999982386
1341845820.9558 0.000733699432 0.00207222264 -0.00357372604 -0.00114620621 -0.00138056305 -0.00596313428 0.99998061
1341845820.98783 0.00321223828 0.0017273429 -0.00313274783 -0.00179674605 -0.00203679954 -0.00632625795 0.999976301
1341845821.0198 0.000379436809 0.000524736678 -0.00312146592 -0.00199315132 -0.00185196774 -0.00658795971 0.999974598
1341845821.05572 -0.00106363096 0.000656382191 -0.00311783693 -0.00141739004 -0.0022209111 -0.00520508734 0.999982983
1341845821.08784 0.000994754979 -0.0022772692 -0.00362336797 -0.000760376583 -0.00405965194 -0.0027323618 0.999987738
1341845821.11988 0.00914244209 -0.000927418738 -0.00237617366 0.0014532892 -0.00408890183 -0.000810052628 0.999990256
1341845821.15598 0.00867926766 0.00241009159 -0.00332122672 0.00184323263 -0.00120963698 0.000454844863 0.999997466
1341845821.18857 0.00473165796 -0.00247415713 -0.00201228481 0.00110942095 0.00112779303 0.00245041612 0.999995746
1341845821.22403 0.00704653377 -0.00467702225 -0.0011509139 0.00416739977 0.00117702008 0.00479891332 0.999979109
1341845821.25636 0.0108526167 0.00211266419 -0.00385036742 0.00564429092 0.00230944738 0.00404867779 0.999973208
1341845821.28822 0.0106053292 -0.000391080856 -0.00334355523 0.00368556601 0.00506829758 0.00254229751 0.999977133
1341845821.32389 0.0142582902 -0.00267072418 -0.00252443131 0.00369603978 0.00674709053 0.00133969304 0.99996951
1341845821.3557 0.009643774 -0.000496096428 -0.00259070062 0.00475581893 0.00961519562 0.00185122794 0.99994075
1341845821.38858 0.0111805065 -0.0056675237 -0.00052633276 0.00379933385 0.0097674336 0.00288618019 0.999940914
1341845821.42473 0.0166245735 -0.00662864835 0.000593157461 0.00565546658 0.0105676519 0.00325177751 0.99992288
1341845821.4561 0.0141250647 -0.0027368538 -0.00125306841 0.00642414196 0.0134519145 0.00222461125 0.999886407
1341845821.48802 0.0118999289 -0.00754380208 0.00151517776 0.00566335155 0.0145944768 0.00282252669 0.999873473
1341845821.52438 0.0148358977 -0.00967058448 0.00140403361 0.00728815298 0.0149037635 0.00339720243 0.9998566
1341845821.55565 0.0113211832 -0.00716030708 0.000557972253 0.00925810466 0.0167299194 0.00302959208 0.999812592
1341845821.58768 0.00736349282 -0.00524456449 -0.00131945666 0.00932111841 0.0170340204 0.00229288315 0.999808833
1341845821.62377 0.0100029202 -0.0063172219 -0.000456930495 0.00877185846 0.0158282772 0.00150375396 0.999835116
1341845821.65574 0.0109181615 -0.0069354128 -0.0027610653 0.00843680398 0.0156746699 0.000265090982 0.999841515
1341845821.69189 0.00882978168 -0.00452572936 -0.00233647264 0.00767541985 0.0160446186 -0.000191335099 0.999841798
1341845821.72423 0.00554045992 -0.0101058586 -0.0027548167 0.00690323153 0.0156327125 -0.000241633086 0.999853942
1341845821.75591 0.00555723991 -0.00909250491 -0.00177137018 0.00801389827 0.0143198648 0.000718613176 0.999865092
1341845821.79164 0.00939379649 -0.00900272856 -0.00188139375 0.00914867626 0.0132803485 0.00102956773 0.999869429
1341845821.8237 0.00895160344 -0.00703432496 -0.00281265952 0.0100743425 0.0140118655 -0.000977562936 0.999850599
1341845821.85559 0.00537744386 -0.00811820224 -0.00196165315 0.00882796387 0.0153661052 -0.00228545732 0.999840351
1341845821.89176 0.006225859 -0.0117031181 -0.0018292875 0.00914241019 0.0147841765 -0.00232811034 0.9998462
1341845821.92374 0.00602050807 -0.0103637095 -0.00336905719 0.0109873331 0.014968663 -0.00204151913 0.99982551
1341845821.95576 0.00665721068 -0.00894375859 -0.00300959573 0.011713164 0.0151841385 -0.00186998542 0.999814356
1341845821.9918 0.00675127484 -0.00775004081 -0.00270520587 0.0112571305 0.015484523 -0.00248812223 0.999813641
1341845822.02387 0.00286713478 -0.00991325802 -0.0020436693 0.0110643014 0.0164627291 -0.00281481815 0.999799298
1341845822.05978 0.000880807459 -0.00775205639 -0.00188866314 0.0111375235 0.0166097012 -0.00278775081 0.99979613
1341845822.09187 0.000761890406 -0.0130388516 -0.00177384036 0.0106308803 0.0168698857 -0.00266814271 0.999797616
1341845822.1237 0.000644971082 -0.0131482865 -0.00137999723 0.0124862103 0.0178326626 -0.00310137544 0.999758207
1341845822.17287 -0.0023977049 -0.00869538287 -0.00280691188 0.0127120073 0.0188356268 -0.00295102418 0.999737423
1341845822.18593 -0.00867250436 -0.0137293524 -0.00170576855 0.011400318 0.0184284379 -0.00190131748 0.999763377
1341845822.22184 -0.00831248441 -0.0135144119 -0.000819454267 0.0131816782 0.0165053418 -0.00124880509 0.999776104
1341845822.25401 -0.0115443839 -0.00969082395 -0.0025335153 0.0130279139 0.0160812179 -0.00155211928 0.999784606
1341845822.2899 -0.0140602701 -0.0142756668 -0.000331896716 0.0117759472 0.0153954922 -0.00284178941 0.999808097
1341845822.32181 -0.0168775724 -0.0142845414 0.000166103963 0.0129253436 0.0152332245 -0.00412783689 0.999791901
1341845822.3538 -0.0187336852 -0.0144830785 0.00112771746 0.0135359626 0.0152030791 -0.00446036812 0.999782851
1341845822.39168 -0.022939423 -0.0160590198 0.00168389389 0.0142284669 0.0159711284 -0.00424872416 0.999762183
1341845822.42822 -0.0284180084 -0.0170685577 0.00297126621 0.0143838526 0.0160633566 -0.00360232018 0.99976102
1341845822.46 -0.0329369684 -0.0172103866 0.00206206929 0.0136690552 0.0156670531 -0.00364301283 0.99977719
1341845822.49575 -0.0377360689 -0.0184522939 0.0038356321 0.0137162227 0.0154243398 -0.00359000722 0.999780509
1341845822.52773 -0.0424189059 -0.0167217438 0.00391995865 0.0139270122 0.0150152717 -0.00379529631 0.999783064
1341845822.55965 -0.0473400097 -0.0167761043 0.00491696833 0.0127475285 0.0144090992 -0.00275376045 0.99981113
1341845822.59586 -0.0502332689 -0.0174308629 0.00615432076 0.0127194243 0.014313006 -0.00284184959 0.999812621
1341845822.62773 -0.0553143405 -0.015713267 0.00579403762 0.0118457939 0.0149094578 -0.00237080948 0.999815865
1341845822.66372 -0.0628536454 -0.0234116264 0.00817887933 0.011018473 0.0141218878 0.00108273068 0.999838984
1341845822.69561 -0.06539063 -0.026329763 0.00955524336 0.0150015494 0.0113547914 0.00399714391 0.999815005
1341845822.73183 -0.064645374 -0.0208868961 0.0085046938 0.0179369183 0.0105015997 0.00539977649 0.999769386
1341845822.77685 -0.0701046709 -0.0232967718 0.00997738014 0.0182198371 0.0110802563 0.00593003783 0.99975502
1341845822.78992 -0.0732029156 -0.0216088138 0.00921290778 0.0187480581 0.0117429571 0.00491988793 0.999743171
1341845822.82591 -0.0780650758 -0.0222735327 0.00947094394 0.0177529959 0.0129023754 0.00532150841 0.999744988
1341845822.85974 -0.0854558676 -0.0272169006 0.0108007277 0.018405812 0.0126688378 0.0071454372 0.999724797
1341845822.88972 -0.0899458558 -0.0291707745 0.00981050383 0.0203861137 0.0112103303 0.00855990233 0.999692684
1341845822.92592 -0.0896067177 -0.0267000645 0.00985449826 0.0215897 0.00992611885 0.00783172738 0.999686962
1341845822.95772 -0.0923923127 -0.0274835037 0.0111485999 0.0219054707 0.010722625 0.0060053925 0.999684506
1341845822.98995 -0.0967786903 -0.0316226507 0.0114800372 0.0226293932 0.0112993526 0.00563724032 0.999664172
1341845823.02591 -0.0981083894 -0.0308208907 0.012195255 0.0249183526 0.0109070103 0.00603097768 0.999611795
1341845823.05779 -0.0977910804 -0.030830185 0.0102919738 0.0265090515 0.0124677683 0.00526830427 0.999556937
1341845823.09369 -0.10247637 -0.0297581068 0.0124839146 0.0279097263 0.0150613736 0.00571865695 0.999480615
1341845823.12597 -0.106243768 -0.028042206 0.0124031505 0.0289209119 0.0160091471 0.0063800517 0.999433131
1341845823.15778 -0.110315367 -0.030712783 0.0120630121 0.0293588679 0.0175801872 0.00659169359 0.999392587
1341845823.19389 -0.116169321 -0.026810081 0.00952085582 0.0300644527 0.0180291967 0.00634413545 0.999365213
1341845823.22606 -0.120323189 -0.0267816414 0.0100619628 0.0281489284 0.0166750586 0.00642160823 0.999444017
1341845823.26186 -0.124488959 -0.0286918035 0.0112747042 0.0275750394 0.0158497082 0.00518565218 0.999480622
1341845823.29364 -0.123800636 -0.0229453856 0.00921709046 0.0267414831 0.0155455006 0.004656604 0.999510654
1341845823.32599 -0.123635192 -0.026816601 0.0108313388 0.0227242449 0.0175876289 0.00399520608 0.999579073
1341845823.36187 -0.130474689 -0.0335226896 0.0128273853 0.0225752388 0.0217966099 0.0044486136 0.999497612
1341845823.39431 -0.134909102 -0.0339653333 0.0132377108 0.0248446021 0.0244507093 0.00796652853 0.999360517
1341845823.42604 -0.147759419 -0.0394866394 0.0123217843 0.0254563679 0.0269870896 0.0102557202 0.999258971
1341845823.46189 -0.151385084 -0.0387538783 0.0107393848 0.0264935608 0.0261386148 0.0110017564 0.999246629
1341845823.49389 -0.149568715 -0.037194724 0.0116867214 0.0271951217 0.0265301362 0.0111221346 0.99921613
1341845823.52979 -0.157746647 -0.0390745835 0.0119915858 0.0271345614 0.0287524 0.0114531788 0.999152561
1341845823.56195 -0.168825631 -0.0457579143 0.00962462854 0.0264129388 0.0283981654 0.0124748693 0.999169795
1341845823.5937 -0.173239487 -0.0442062066 0.00971490949 0.0270562054 0.0254688261 0.0139023472 0.999212703
1341845823.62983 -0.170098159 -0.0410470266 0.0126432087 0.0273059638 0.0249877586 0.0140247175 0.999216345
1341845823.66176 -0.180369337 -0.0462244063 0.013659642 0.0260285807 0.0268483254 0.0137121784 0.999206513
1341845823.69587 -0.189544175 -0.0546093256 0.0123506928 0.0270651727 0.0253859885 0.0156858722 0.999188161
1341845823.72964 -0.193958395 -0.0566947071 0.0149491175 0.0309100921 0.022355455 0.0167783032 0.999131267
1341845823.76188 -0.199195058 -0.0535719978 0.0137681981 0.0336778123 0.0207262484 0.0170842953 0.999071746
1341845823.79789 -0.204845293 -0.0520640806 0.0130331468 0.0339820173 0.0176186993 0.0167341454 0.999127005
1341845823.82967 -0.210527969 -0.0530062782 0.0159429115 0.0335216654 0.0145014771 0.0141560511 0.999232511
1341845823.86182 -0.216801681 -0.056113622 0.0118308838 0.0342006089 0.0116853861 0.012709335 0.999265852
1341845823.91379 -0.224302521 -0.0547431797 0.0137155489 0.0345547931 0.00755282274 0.0110609169 0.999313053
1341845823.92984 -0.225890812 -0.0545329364 0.0149544859 0.034676795 0.00455301694 0.0090402042 0.999347319
1341845823.96181 -0.229964753 -0.0500240457 0.0149756637 0.0338330874 0.00382702047 0.00517005118 0.999406797
1341845823.99809 -0.238391218 -0.0603730824 0.0142472376 0.03130591 0.00419256287 0.00322282771 0.999495861
1341845824.02967 -0.24125667 -0.0577240536 0.0150239122 0.0326170223 0.00403366374 0.00436819322 0.999450238
1341845824.06579 -0.236825553 -0.0563288092 0.0157674383 0.0327375015 0.00472948751 0.00667977199 0.999430472
1341845824.09825 -0.212627401 -0.0523198932 -0.00961195379 0.0317694398 0.00727219881 0.00846862156 0.999432889
1341845824.13031 -0.219347343 -0.0541691611 -0.00469965406 0.0261868434 0.0240286472 0.00714771692 0.999342676
1341845824.16576 -0.237859542 -0.0484697384 0.0158192659 0.0211932822 0.0371377433 0.00757022148 0.999056717
1341845824.19794 -0.261165739 -0.0637037734 0.0245488327 0.0176486581 0.0445565438 0.00712986957 0.998825512
1341845824.22992 -0.271643152 -0.0691647029 0.0172885226 0.0217650497 0.0455631469 0.00686226296 0.998700752
1341845824.26581 -0.287039679 -0.070491943 0.00966034158 0.0239941544 0.0425531957 0.00835263823 0.998771115
1341845824.2981 -0.287979385 -0.0663238627 0.0119428055 0.0263011355 0.0336984638 0.00765362905 0.999056598
1341845824.33379 -0.282941578 -0.0748346704 0.0117619483 0.0279537301 0.0291706851 0.00721685593 0.999157434
1341845824.36584 -0.283026162 -0.0673348939 0.00913597375 0.031324986 0.0299938218 0.00626948874 0.999039443
1341845824.39805 -0.292556813 -0.0659764866 0.00649197194 0.0305612166 0.0294959162 0.00520380609 0.999084042
1341845824.43411 -0.303365637 -0.0708143814 0.00300454814 0.0299439366 0.0268133923 0.00604391365 0.999173595
1341845824.46611 -0.30588394 -0.0724506372 0.00349915505 0.0312418297 0.0225999669 0.0108834576 0.999197048
1341845824.50181 -0.311183972 -0.0655599929 0.00759488178 0.0315779811 0.0207245283 0.0157194054 0.999162762
1341845824.53373 -0.316474144 -0.0680494429 0.00588102304 0.029263168 0.0178685756 0.019646323 0.999218896
1341845824.56575 -0.323716338 -0.0677632048 0.00992019558 0.0271763957 0.0158491471 0.0223822427 0.999254364
1341845824.60176 -0.327471853 -0.0734421653 0.00579048714 0.0261230975 0.0136448443 0.0261838023 0.999222603
1341845824.63387 -0.33450244 -0.0660182913 0.0109405524 0.026694381 0.0119407955 0.0297503632 0.999129493
1341845824.6658 -0.339750145 -0.0714290268 0.00936522393 0.0257241365 0.00971854445 0.0326027406 0.999090026
1341845824.70178 -0.34647471 -0.0689721023 0.011043828 0.0269634212 0.00715469664 0.0357711547 0.998970575
1341845824.73361 -0.352894591 -0.07798558 0.00521078565 0.0267730556 0.00552026239 0.0363584918 0.998964859
1341845824.76965 -0.357886522 -0.067987166 0.00364751024 0.0260924169 0.00428825581 0.0374372509 0.998949072
1341845824.80164 -0.366144718 -0.0725077895 0.00564103584 0.0217965384 0.00111080543 0.0369958561 0.999077066
1341845824.83388 -0.369064804 -0.0838490433 0.00463529205 0.022474248 -0.00121094663 0.0363678357 0.999084993
1341845824.86994 -0.371841261 -0.0784307499 0.00311355195 0.0267118413 -0.0013082058 0.0375408832 0.998937159
1341845824.90208 -0.379202589 -0.0735962725 0.000995632517 0.0261992774 -0.00193829199 0.0369515378 0.998971684
1341845824.93377 -0.382072351 -0.0791849016 0.00432891657 0.0261218095 -0.00215219976 0.0334470389 0.999096749
1341845824.96987 -0.3826312 -0.0757372593 -0.00145233339 0.0266688982 -0.000740141652 0.0327660447 0.999106905
1341845825.00185 -0.387032127 -0.0755549696 -2.4025253e-05 0.0251382742 0.00230793198 0.0320299214 0.999168066
1341845825.03819 -0.396377768 -0.0814252943 0.000396464256 0.0241056418 0.00612145897 0.0306611924 0.999220365
1341845825.07586 -0.403340256 -0.0907347433 0.00346762515 0.0259900806 0.00520980755 0.0329757716 0.999104585
1341845825.10796 -0.403736738 -0.0942599132 -0.000248847302 0.0312374682 0.00486169669 0.0352508635 0.998878352
1341845825.14368 -0.407108121 -0.0866762488 -3.45118003e-05 0.0351871339 0.00697284751 0.0329537201 0.998812944
1341845825.17572 -0.415081726 -0.0864581725 0.00119145465 0.0358851955 0.00878556478 0.0294353531 0.99888369
1341845825.21187 -0.420416031 -0.0901080306 -0.00323066471 0.0367224302 0.00950623702 0.0292087606 0.998853314
1341845825.24431 -0.418755442 -0.0977750156 0.000311776618 0.0381472619 0.0104780945 0.0309777087 0.998736891
1341845825.2758 -0.424860989 -0.0916855428 -0.00408619877 0.0413000721 0.0119991707 0.0311397746 0.998589324
1341845825.31169 -0.436124635 -0.0933115727 0.000562615711 0.0416123614 0.0112923996 0.0323295084 0.998546792
1341845825.34366 -0.435267616 -0.0842472852 -0.00474885265 0.0425376281 0.00894777602 0.0338393612 0.99848154
1341845825.37992 -0.441649386 -0.0916394939 0.00184657232 0.0391916455 0.00940053422 0.0344485661 0.998593481
1341845825.41194 -0.448194587 -0.0914661777 1.33410458e-05 0.0402250783 0.00840210759 0.0364369974 0.998490707
1341845825.44379 -0.457805072 -0.0806888488 0.000133082797 0.0380801694 0.00654926146 0.0366086834 0.998582401
1341845825.48029 -0.462240725 -0.0889624219 0.00578553115 0.0333229553 0.00220866772 0.0400022374 0.998641339
1341845825.51165 -0.464254255 -0.0852119687 0.00353771854 0.0322230951 -0.00164818225 0.041446366 0.998619624
1341845825.54828 -0.467650202 -0.0860638356 0.00186255903 0.0297394137 -0.00392922782 0.0423530778 0.998652264
1341845825.57981 -0.469920818 -0.0895224742 -0.000545003399 0.0288511188 -0.00522250449 0.0459128986 0.99851507
1341845825.61203 -0.475591005 -0.0886504262 0.00778122712 0.0308026995 -0.00614264868 0.0490770693 0.998301008
1341845825.64801 -0.467200378 -0.0887166969 0.00112432351 0.031572266 -0.00740336301 0.0475634995 0.998341673
1341845825.67971 -0.476362329 -0.0899527159 0.00706359959 0.0331276977 -0.00441351756 0.0472042395 0.998326017
1341845825.71194 -0.486807619 -0.0860761592 0.00326801806 0.0338220447 -0.00664916421 0.0472044261 0.998290339
1341845825.74763 -0.496264218 -0.0808185702 -0.00291823653 0.0330050453 -0.00809848238 0.0439092454 0.99845734
1341845825.7797 -0.502849912 -0.0832242134 -0.00358771626 0.0298231831 -0.010041002 0.0419389129 0.998624496
1341845825.81597 -0.506477523 -0.0835648329 -0.00248580187 0.0271816559 -0.0123937827 0.0382306316 0.998822292
1341845825.84784 -0.511192819 -0.0836648184 -0.00412645299 0.0254761115 -0.0132844149 0.0364974914 0.99892063
1341845825.87977 -0.516430695 -0.0894608576 -0.000107740991 0.0242392155 -0.0160944652 0.0377930943 0.998861908
1341845825.91565 -0.516229676 -0.0860573297 -0.00359354513 0.0247121609 -0.0174751308 0.0383950301 0.99880416
1341845825.94789 -0.520585739 -0.0864649839 -0.00149035571 0.0238775814 -0.0173049878 0.0397929989 0.998772705
1341845825.97971 -0.525904156 -0.0870472999 0.000588354326 0.0234162699 -0.0185548573 0.0425520277 0.998647446
1341845826.01601 -0.529518313 -0.0823277687 0.000169204823 0.0237563089 -0.0195812677 0.0435827119 0.998575365
1341845826.04795 -0.527585088 -0.0873538339 -0.00114824574 0.0228930745 -0.0203220081 0.0433465091 0.998591009
1341845826.07974 -0.534609243 -0.0861370491 -0.00579421411 0.024298249 -0.0207732888 0.045504976 0.998452484
1341845826.11568 -0.532855947 -0.0883013321 -0.00540220139 0.0238535642 -0.0234108153 0.0458303795 0.998389963
1341845826.14795 -0.534866997 -0.082511647 -0.00666709757 0.0250011351 -0.0222909309 0.0404728958 0.998619048
1341845826.18378 -0.538649051 -0.0825281749 -0.00615013924 0.0234633017 -0.0218837863 0.035832394 0.998842637
1341845826.21579 -0.5394421 -0.084322546 -0.00422036117 0.0219114003 -0.0231881165 0.0356810656 0.998853875
1341845826.24774 -0.543632112 -0.0817564149 -0.00650215253 0.0221230476 -0.0237631146 0.0405307773 0.99865066
1341845826.28377 -0.545462505 -0.0858215958 -0.00817975423 0.0205570427 -0.0266319904 0.0458938569 0.998379637
1341845826.31566 -0.542782803 -0.0858388711 -0.00956818844 0.0204594085 -0.0302256137 0.046838001 0.998235456
1341845826.34779 -0.547340314 -0.0837772628 -0.0113351815 0.0196132449 -0.0315771022 0.0473791198 0.998185066
1341845826.38372 -0.548959589 -0.0874979051 -0.00966556374 0.0180607329 -0.0343302876 0.047798915 0.998103454
1341845826.41572 -0.551238815 -0.0915984308 -0.00837491021 0.0178691389 -0.0369012629 0.0498637529 0.997914123
1341845826.44782 -0.552357987 -0.090927362 -0.0127696801 0.0190621689 -0.0389189854 0.0484332237 0.99788585
1341845826.48369 -0.554059225 -0.0905298198 -0.0146553933 0.0186403164 -0.0393060066 0.0493055289 0.997835929
1341845826.51568 -0.557766018 -0.0915110011 -0.0136666193 0.0183167817 -0.0405161822 0.0524613546 0.997632568
1341845826.55169 -0.55190143 -0.0876941354 -0.0203110331 0.0173326552 -0.0414679217 0.0503718031 0.997718734
1341845826.58372 -0.558491009 -0.0886187131 -0.0149649682 0.015766379 -0.0401127971 0.0483809393 0.997898627
1341845826.6159 -0.561652159 -0.0929321196 -0.0176274042 0.0139120255 -0.0430348946 0.0528307003 0.997578754
1341845826.65178 -0.556738545 -0.0858503186 -0.0192838506 0.0149794905 -0.044067628 0.0550805605 0.997396506
1341845826.68378 -0.561922618 -0.0811601439 -0.0242233469 0.0122138997 -0.0437792854 0.0522594276 0.99759869
1341845826.71566 -0.559069209 -0.0825385244 -0.021378332 0.00789731628 -0.0451043085 0.0490956006 0.997743883
1341845826.7519 -0.566389159 -0.0776788571 -0.0232368156 0.00511837946 -0.0438234501 0.0515463385 0.997695486
1341845826.78372 -0.566228774 -0.0768109433 -0.0204626429 0.00189896431 -0.0454244112 0.0528599526 0.99756646
1341845826.81972 -0.560663311 -0.0685675616 -0.0301855449 -0.0010427094 -0.0436764219 0.0493022774 0.997827925
1341845826.85175 -0.564841993 -0.0712144203 -0.0171987426 -0.00656979065 -0.040339393 0.0499203547 0.997916594
1341845826.88447 -0.564248261 -0.0741181168 -0.0145338156 -0.00811779188 -0.0424889785 0.0565572004 0.997461814
1341845826.93274 -0.555596954 -0.0600422046 -0.0279222739 -0.0092600753 -0.0417038672 0.054514347 0.997598729
1341845826.9458 -0.55956026 -0.0572523338 -0.0171334086 -0.0181002837 -0.0352547222 0.0473028016 0.998094148
1341845826.98188 -0.567439193 -0.0665580915 -0.0096837683 -0.022665877 -0.0363596483 0.0528554481 0.997682583
1341845827.01376 -0.561414472 -0.0533775873 -0.014623229 -0.0222499038 -0.0375320978 0.0584947736 0.997333768
1341845827.04597 -0.555384275 -0.0409110249 -0.0177367258 -0.0278305744 -0.0331296062 0.0597579 0.997274727
1341845827.08294 -0.564901188 -0.0495201442 -0.0155768517 -0.0370517818 -0.0287226553 0.0537135432 0.997455277
1341845827.11366 -0.564119763 -0.0541396528 -0.00797172468 -0.0378303922 -0.0318629722 0.0579481316 0.99709359
1341845827.14591 -0.555413023 -0.0431171117 -0.0150098329 -0.0374176898 -0.0315153757 0.0582098174 0.997104967
1341845827.18298 -0.558081202 -0.0486461651 -0.00650594985 -0.0434093832 -0.0274692457 0.0522001191 0.997314501
1341845827.21464 -0.560049609 -0.0544842614 0.00542318524 -0.0429465112 -0.0275749212 0.052266744 0.997328135
1341845827.25176 -0.555247087 -0.0454320026 0.00334802196 -0.0383773942 -0.0274418698 0.0561333443 0.99730796
1341845827.26715 -0.547376828 -0.0320923094 -0.0108513554 -0.0415368352 -0.0249884447 0.0556113865 0.997275109
1341845827.3139 -0.552457639 -0.0489238203 0.00497562731 -0.0485095126 -0.0210831011 0.0536640048 0.997157212
1341845827.34971 -0.554681315 -0.0496401208 0.00931305611 -0.0433905207 -0.0236674801 0.0600999678 0.996967957
1341845827.38256 -0.54984043 -0.0381274012 0.00457062312 -0.0420142967 -0.0235417851 0.0582452458 0.997139947
1341845827.41386 -0.54973297 -0.042846207 0.0121508767 -0.0439914738 -0.0211721147 0.0535684399 0.997369999
1341845827.44973 -0.551857137 -0.046264427 0.0140334311 -0.0428781667 -0.0208056714 0.0521786273 0.997499864
1341845827.48924 -0.549889372 -0.0496317568 0.0142679758 -0.0399826596 -0.023088302 0.0545676347 0.997442074
1341845827.55599 -0.545720511 -0.0467071955 0.0142222447 -0.0379432873 -0.0212641559 0.0515707778 0.997721703
1341845827.56962 -0.542984058 -0.0515566583 0.0167315192 -0.0374653251 -0.0220481845 0.0530475046 0.997645322
1341845827.6237 -0.537575685 -0.0509522108 0.017647036 -0.0346181984 -0.0224355521 0.0562300917 0.997565238
1341845827.65622 -0.537501011 -0.0365358581 0.0108056505 -0.0338974924 -0.021047189 0.051816835 0.997859204
1341845827.68765 -0.532414885 -0.0428441756 0.0148506157 -0.0387979991 -0.018907615 0.0448311169 0.998061816
1341845827.72373 -0.528960849 -0.054336301 0.0185093858 -0.0389162466 -0.0168853084 0.0485606901 0.99791897
1341845827.75579 -0.52808673 -0.0478638668 0.0193660193 -0.0362094626 -0.0161181628 0.0516660954 0.997877595
1341845827.79167 -0.517613187 -0.0449312462 0.0117960086 -0.0358897614 -0.0140765285 0.0504341272 0.997983054
1341845827.82385 -0.518899814 -0.0493200537 0.0215177438 -0.0366966237 -0.00977720876 0.0495173356 0.998050999
1341845827.85561 -0.516967158 -0.0528058679 0.0234248505 -0.0348844539 -0.00865891435 0.051873025 0.998006657
1341845827.89171 -0.506378021 -0.0523836558 0.0213531328 -0.0320783797 -0.00661221921 0.0534467454 0.998033417
1341845827.92383 -0.503598421 -0.0478999105 0.023247576 -0.0309111892 -0.00205035558 0.0521507938 0.998158599
1341845827.95978 -0.500492742 -0.0528748894 0.0260294555 -0.0312870449 0.00078401386 0.0532645455 0.998089873
1341845827.99168 -0.493405169 -0.0482956203 0.0279483524 -0.0292466061 0.00253791427 0.0545992157 0.998076711
1341845828.02373 -0.486440973 -0.0451343534 0.0255512508 -0.0305916516 0.00639714361 0.0544341549 0.998028131
1341845828.05963 -0.481700569 -0.0475876692 0.0325309442 -0.0317351284 0.00955546965 0.0546644095 0.997954597
1341845828.09173 -0.477687363 -0.0464648932 0.0357588659 -0.0313484233 0.0112793328 0.0556268857 0.997895637
1341845828.12762 -0.473092602 -0.0427795219 0.0375755111 -0.0313691178 0.0126858184 0.0566998818 0.997817705
1341845828.15965 -0.465465959 -0.0424766885 0.0372997302 -0.0324507999 0.0143621855 0.0562356254 0.997786664
1341845828.19172 -0.463433096 -0.0456493061 0.0420242738 -0.0325480603 0.0169353003 0.0538692794 0.997873699
1341845828.22765 -0.457921142 -0.0449345095 0.0395022979 -0.0313069024 0.0183623589 0.054704888 0.997842711
1341845828.25979 -0.454608087 -0.0448146424 0.0431920139 -0.0311034022 0.0208633405 0.0579706636 0.997615508
1341845828.29169 -0.450928384 -0.0450647056 0.044093732 -0.0295528059 0.0224754329 0.0595544168 0.997534339
1341845828.32781 -0.444806129 -0.0393605046 0.0407241219 -0.0283599974 0.0238734677 0.0595047902 0.997539447
1341845828.3597 -0.438165643 -0.0391313303 0.0431657514 -0.0295818247 0.0253736071 0.0595131614 0.99746643
1341845828.39593 -0.432472721 -0.039520741 0.0492755852 -0.0292480714 0.0278046399 0.0611421604 0.997312934
1341845828.42781 -0.430247782 -0.0363046912 0.0496968235 -0.0288203494 0.0293001072 0.060988573 0.997291976
1341845828.45967 -0.419929289 -0.0399500969 0.0511329845 -0.0290596789 0.0298905278 0.0615144455 0.99723521
1341845828.49578 -0.415726459 -0.0344181397 0.0506974316 -0.0276473953 0.0320172821 0.0630160673 0.997115585
1341845828.52769 -0.415051147 -0.0289059099 0.049883581 -0.0290298597 0.0337910106 0.0619130396 0.997086862
1341845828.59578 -0.402785598 -0.0323012416 0.0541425805 -0.0298041364 0.0357331849 0.0618295405 0.997001485
1341845828.60877 -0.399026649 -0.0272024772 0.0525621263 -0.0303736394 0.037145411 0.0617264647 0.996939067
1341845828.65406 -0.390956203 -0.0334318419 0.0561195 -0.0321423823 0.038676697 0.0620406948 0.996805865
1341845828.68969 -0.393314547 -0.0302550323 0.0528669673 -0.0304714518 0.0407008083 0.0620983867 0.99677416
1341845828.72188 -0.388329589 -0.0275914616 0.053180558 -0.0309061213 0.0405495192 0.0632374191 0.996695328
1341845828.75771 -0.379758897 -0.028397962 0.0542194497 -0.0314235097 0.040789167 0.0653820044 0.996530983
1341845828.78967 -0.382386098 -0.0294575642 0.0552087944 -0.0308016841 0.0417190445 0.068618856 0.996294249
1341845828.82193 -0.379092446 -0.0227716416 0.0555825083 -0.0297619458 0.0403657669 0.0699406884 0.996289683
1341845828.85779 -0.372396855 -0.0230280676 0.0570539844 -0.0308080307 0.039512051 0.0709410365 0.996221377
1341845828.88978 -0.367857843 -0.0217917864 0.0557020219 -0.030636352 0.0392107584 0.0718650729 0.996172345
1341845828.92874 -0.366289295 -0.021443799 0.0549724531 -0.0306045093 0.0382164661 0.0715680057 0.996233349
1341845828.94171 -0.362139658 -0.023092969 0.0523421307 -0.0301650529 0.036288679 0.0702616183 0.996411816
1341845828.9897 -0.354969518 -0.02374229 0.0523702406 -0.0288293705 0.0349715685 0.0705065557 0.99648115
1341845829.02563 -0.349869912 -0.0186562096 0.0495000706 -0.0283727341 0.0336637366 0.0685986454 0.996672447
1341845829.06076 -0.340790181 -0.0188510357 0.0504984192 -0.0295502809 0.0332278216 0.0669909172 0.996762213
1341845829.08974 -0.335471139 -0.0168484195 0.0509845226 -0.0294231427 0.0339114951 0.0678226633 0.996686699
1341845829.12577 -0.329228192 -0.0174464865 0.0494231289 -0.0298637002 0.0333730915 0.0673985383 0.996720539
1341845829.15805 -0.316561328 -0.0176898309 0.0497882638 -0.0293041726 0.0339798683 0.0670939324 0.996737196
1341845829.19368 -0.31656841 -0.0221832725 0.0485927854 -0.02777789 0.0360250578 0.0690175923 0.996577722
1341845829.22577 -0.307633368 -0.0231223239 0.0468092678 -0.024172542 0.0352127728 0.0716099366 0.99651782
1341845829.25777 -0.303717952 -0.0219737815 0.0464953613 -0.0214692096 0.0347031557 0.0715933394 0.996598795
1341845829.29388 -0.296812483 -0.0213726192 0.0446106852 -0.019089801 0.0339106274 0.0704419316 0.996756532
1341845829.32587 -0.296261254 -0.0261350745 0.0437660134 -0.0174042143 0.0333522877 0.0691236573 0.996898509
1341845829.35817 -0.288380931 -0.0250585009 0.0425082036 -0.0139044402 0.0299503582 0.0690354733 0.997067573
1341845829.39371 -0.280131973 -0.0221273197 0.0418012046 -0.0118586459 0.02851877 0.0671139611 0.99726715
1341845829.42583 -0.276748621 -0.0186252979 0.037308474 -0.0116990719 0.0272148659 0.0649375251 0.997449548
1341845829.46174 -0.273194795 -0.0281812971 0.0394097126 -0.0126592194 0.0257469681 0.0654070938 0.997446114
1341845829.49367 -0.269503395 -0.0289991162 0.0376041197 -0.00666895277 0.0235528182 0.0680734579 0.997379965
1341845829.52587 -0.26171845 -0.0160409738 0.0311320598 -0.00469763347 0.0207892649 0.0667181387 0.997544199
1341845829.56187 -0.253802644 -0.0143218644 0.0308943949 -0.00756821353 0.0208713574 0.0637094618 0.997721511
1341845829.5938 -0.249953763 -0.0238725066 0.0338577846 -0.00955232145 0.0219074678 0.0634131477 0.997701152
1341845829.62579 -0.249361261 -0.0306845721 0.0325827695 -0.00507539305 0.0208105834 0.0654701381 0.997624589
1341845829.66181 -0.240204351 -0.016809799 0.0286117921 -0.00110518557 0.017859117 0.0657802156 0.997673691
1341845829.69386 -0.226733945 -0.0054955412 0.0273035984 -0.00339996181 0.0184755244 0.061134231 0.997952755
1341845829.72976 -0.230279033 -0.0201603583 0.0334449604 -0.00751873156 0.0207741249 0.0574366097 0.998104674
1341845829.76183 -0.236494057 -0.0279632115 0.024975265 -0.00407125701 0.016837569 0.0578204687 0.998176695
1341845829.79384 -0.218311771 -0.0183658603 0.0297145745 -0.00012393438 0.00982254737 0.0566659969 0.998344864
1341845829.82982 -0.211085843 -0.0143340355 0.0277490469 0.000701138021 0.0107600318 0.0526790571 0.998553277
1341845829.86165 -0.22149001 -0.0167609607 0.0239011351 -0.000978493554 0.00983528378 0.0513764933 0.998630445
1341845829.89785 -0.207137685 -0.0301924827 0.0262095114 -0.000471092494 0.0031257627 0.0537468498 0.99854959
1341845829.93003 -0.192080448 -0.0144526496 0.0229275429 0.00453849234 0.00269244536 0.0548566377 0.998480296
1341845829.96203 -0.199164019 -0.0155899352 0.0236510874 0.00218942501 0.00471827587 0.0555284649 0.998443556
1341845829.99796 -0.192198794 -0.0305460065 0.0215847518 0.00329113486 0.000297489853 0.0572624884 0.998353689
1341845830.02988 -0.181581127 -0.022687801 0.0259784435 0.0109817623 -0.000166668635 0.0565691627 0.998338271
1341845830.06184 -0.182147403 -0.00938624754 0.020459714 0.0119659414 0.00155317528 0.0568743926 0.998308423
1341845830.09789 -0.17307712 -0.0203820438 0.0251665714 0.00911942331 0.00143054782 0.0573196113 0.998313203
1341845830.12967 -0.168970014 -0.0301851422 0.0260429103 0.0135838282 0.00213532609 0.0589481989 0.998166334
1341845830.16587 -0.173628608 -0.0163538833 0.0202808394 0.0181874288 0.000822966316 0.0615934099 0.997935264
1341845830.1978 -0.164989808 -0.0221212516 0.0226279621 0.0162419031 -0.00518879289 0.0659757985 0.997675534
1341845830.22989 -0.149153493 -0.0151412433 0.0219163131 0.0194542266 -0.00520327696 0.0662381059 0.997600608
1341845830.26574 -0.156077404 -0.0106003599 0.0201850482 0.0179510127 -0.00362392572 0.0665344624 0.997616055
1341845830.29789 -0.147097688 -0.0215282221 0.0233280193 0.0169276433 -0.00751813318 0.0706877943 0.99732651
1341845830.33017 -0.137271867 -0.0162939508 0.0247343657 0.0204532102 -0.0087617932 0.0718786157 0.997165163
1341845830.36605 -0.136991678 -0.0101568611 0.0207107292 0.020468815 -0.00859943222 0.0715204343 0.99719201
1341845830.39778 -0.128928008 -0.0132025312 0.0201978765 0.0190940733 -0.0112910435 0.0700240796 0.99729863
1341845830.43373 -0.111604896 -0.0140110462 0.0247963755 0.0197054265 -0.0113145963 0.0671375636 0.997484949
1341845830.46577 -0.114358122 -0.0129214804 0.0196393383 0.0206091841 -0.0097028922 0.0667198246 0.997511694
1341845830.50788 -0.10631932 -0.0166730703 0.022680914 0.0215313209 -0.0126443968 0.0680148291 0.997371799
1341845830.52099 -0.0832548565 -0.0120880647 0.0181888163 0.0241408528 -0.0127869537 0.0677252303 0.997329938
1341845830.56595 -0.0864458584 -0.00499998463 0.0216389899 0.0239362166 -0.00754730339 0.0662516792 0.997487248
1341845830.59786 -0.0844695798 -0.0120446884 0.0206057842 0.0224744613 -0.0086107162 0.0687793509 0.997341544
1341845830.63365 -0.0635029966 -0.0107072349 0.0212017142 0.0246627149 -0.010322537 0.0700785887 0.997183126
1341845830.66571 -0.062816157 -0.00363300482 0.0172551646 0.0255697686 -0.00773889032 0.0686320186 0.997284284
1341845830.7021 -0.0550777039 -0.00384006033 0.0186995566 0.0244872938 -0.00723500076 0.0673275471 0.997404145
1341845830.73394 -0.0450275369 0.0010098211 0.0156638779 0.0233173118 -0.0053001879 0.0631856032 0.997715285
1341845830.76577 -0.0407125772 -0.00196654885 0.0130456586 0.020718241 -0.0031126021 0.0595585934 0.99800493
1341845830.80185 -0.0277208109 -0.00706502015 0.0168196468 0.0194820709 -0.0012894615 0.0578788469 0.998132669
1341845830.83378 -0.0267485528 -0.00703580155 0.0161180452 0.0212771314 0.0014288836 0.0579575304 0.998091262
1341845830.86576 -0.0236080399 0.000644949438 0.017969865 0.0225326219 0.00228192016 0.055912912 0.998178752
1341845830.9019 -0.0108871389 -0.00122912884 0.0147222036 0.020487559 0.00419443582 0.0529578405 0.998377751
1341845830.93413 -0.0119067504 -0.00815407932 0.014780941 0.0207247704 0.00632412793 0.052036894 0.998410062
1341845830.96973 -0.00839263343 -0.00373548428 0.00963689159 0.0223334895 0.00577349096 0.051274434 0.998418156
1341845831.00186 -0.00158532938 0.00116908387 0.0109771032 0.0212634884 0.0052059725 0.0480448703 0.998605254
1341845831.03389 0.0049199954 0.000596926261 0.0176010031 0.0201460109 0.00633723739 0.0452764586 0.99875123
1341845831.06975 0.00920614706 -0.00137319352 0.0162392396 0.0204296325 0.00746226897 0.0448262777 0.998758003
1341845831.10186 0.0130071119 -0.000178823924 0.016209578 0.0212552249 0.00738081958 0.0447898411 0.998743015
1341845831.13782 0.0231637547 0.00370770791 0.0150767866 0.0204433877 0.00875442088 0.0433508096 0.998812362
1341845831.16996 0.023697362 -0.000783361916 0.0152812949 0.0188687683 0.0109823248 0.0422991517 0.998866427
1341845831.20172 0.028888928 -0.00808449518 0.0143197782 0.0197341663 0.0101000788 0.0448097249 0.998749538
1341845831.23773 0.0367057007 0.000425496513 0.014408884 0.0231754233 0.00955148259 0.0450422829 0.998670547
1341845831.26991 0.0376852231 0.000474243818 0.0123201532 0.0223763872 0.00975949136 0.0447469502 0.998700035
1341845831.30177 0.0362160671 -0.00138977948 0.01109047 0.0216618795 0.00726964069 0.0443405168 0.998755142
1341845831.33779 0.043828691 -0.00542893664 0.0107196171 0.0221647028 0.00310485985 0.0441865916 0.998772562
1341845831.36975 0.0521546601 -0.00227015301 0.00847838913 0.02354205 -0.000435663386 0.0432478536 0.998786867
1341845831.40571 0.0658710476 0.00401694569 0.00834328734 0.0229095845 -0.00175569041 0.0408141909 0.998902533
1341845831.43766 0.0711087372 -0.000151760985 0.00794082082 0.0208937313 0.000565822336 0.0384743889 0.999040967
1341845831.46976 0.0720009071 -0.00704736306 0.00713379695 0.0210072811 0.000808380816 0.0394517227 0.999000301
1341845831.50575 0.0817040303 0.00131600951 0.00514441413 0.0228339558 -0.000864417152 0.0389255358 0.998980814
1341845831.53815 0.0975580399 0.00661642394 0.00441528213 0.0196974866 0.00117035098 0.0354415319 0.99917693
1341845831.56962 0.0924012808 0.00015192047 0.00705883408 0.0161663449 0.0049163366 0.0334687113 0.999296915
1341845831.60585 0.0972602786 -0.00286812013 0.00779476277 0.0157544152 0.0048189761 0.0350534382 0.999249635
1341845831.6378 0.105779783 0.00425052051 -0.000133553358 0.0148390009 0.00550793495 0.034209674 0.99928933
1341845831.6736 0.116048662 0.010003232 0.00103615512 0.00972596724 0.00848472097 0.0326919746 0.999382134
1341845831.70566 0.123491021 0.00205843902 0.0099561284 0.00609043939 0.0122991768 0.0338535499 0.999332564
1341845831.73771 0.122600993 0.00213416024 0.0101855037 0.00622243088 0.0153093667 0.0388884285 0.999106899
1341845831.77364 0.131598358 0.00843251478 0.00405578588 0.00637102829 0.0160002637 0.0416934933 0.998982009
1341845831.80581 0.135722708 0.011077552 0.00265446457 0.00391445795 0.0187127638 0.0417682598 0.998944404
1341845831.83774 0.135542381 0.0111390003 0.00631140696 0.000839791855 0.0200337287 0.0431824337 0.998865968
1341845831.87381 0.145912473 0.010944868 0.00485957579 2.03743435e-05 0.0185685879 0.0447967013 0.998823539
1341845831.90574 0.154712827 0.019612837 0.00786610888 -0.00182671756 0.020363943 0.0427978076 0.998874527
1341845831.94163 0.161681102 0.0134085682 0.00767357735 -0.00454317771 0.0215712495 0.0423384517 0.998860098
1341845831.97379 0.170906666 0.0153411809 0.00710845786 -0.00470011702 0.0231093917 0.0419625771 0.998840832
1341845832.00575 0.17812777 0.01653429 0.0032406866 -0.00421816194 0.0251496305 0.0407714889 0.998843025
1341845832.04164 0.189750866 0.0214394303 -0.000966192879 -0.00520216648 0.0273243484 0.0396361582 0.998826958
1341845832.07387 0.189897752 0.0207151008 0.0027149296 -0.00688336674 0.0306397381 0.0377219227 0.998794715
1341845832.10977 0.196703119 0.0178351807 0.00131430586 -0.00661468414 0.0296126794 0.0399139955 0.998742313
1341845832.14169 0.207439044 0.024347857 -0.00128486608 -0.00397497557 0.0284832522 0.0399868328 0.998786242
1341845832.174 0.211120988 0.0291654425 -0.00243255722 -0.00489637504 0.0307158964 0.0377711927 0.998802231
1341845832.20997 0.212032617 0.0229078538 -0.00183463015 -0.0064827045 0.0291557731 0.0390268054 0.998791682
1341845832.2418 0.221260652 0.0276322119 -0.0028507526 -0.00505312816 0.0264774962 0.0395566794 0.998853682
1341845832.27378 0.230853098 0.0356664144 -0.00482521079 -0.00574540017 0.0268422484 0.0376230389 0.998914907
1341845832.30992 0.229302459 0.0366540781 -0.00702669559 -0.00907974158 0.0286447503 0.0368082117 0.998870458
1341845832.34169 0.234534465 0.0343278252 -0.00448986236 -0.0109686434 0.0265666366 0.0386989045 0.998837473
1341845832.37772 0.24146689 0.0406710831 -0.0039882538 -0.0114329218 0.0253896073 0.0393400713 0.998837832
1341845832.4101 0.244496094 0.0421450238 -0.00230302082 -0.0136653813 0.0248088067 0.0403346544 0.99878471
1341845832.44237 0.248521764 0.0431029395 -0.00102029231 -0.0147664822 0.0241029978 0.0403194346 0.998786934
1341845832.47775 0.253980912 0.0461129263 -0.00231250232 -0.0154468038 0.0238278804 0.0408455867 0.998761867
1341845832.50965 0.260375776 0.0462779793 -0.00305820783 -0.0166607529 0.0235879676 0.0419149011 0.998703744
1341845832.54163 0.265772625 0.0497535163 -0.00489843033 -0.0172410809 0.0244356216 0.0422281778 0.998660316
1341845832.57788 0.268755615 0.0474339498 -0.00681448674 -0.0181557359 0.024651176 0.0437394844 0.998573756
1341845832.60975 0.27438195 0.0508001119 -0.00644397281 -0.0179908842 0.0238774461 0.0443529825 0.99856848
1341845832.64598 0.27897403 0.0568957628 -0.00682086965 -0.0180547737 0.0245768685 0.0442739196 0.998553866
1341845832.67783 0.279056597 0.0602856596 -0.00602050278 -0.0200327421 0.0250529674 0.0434913547 0.998538702
1341845832.71021 0.286522374 0.056814985 -0.00296210826 -0.0218178854 0.0253253163 0.0441523912 0.99846541
1341845832.74572 0.291395688 0.0609501417 -0.000924554514 -0.0215825895 0.0263638963 0.0460963992 0.998355778
1341845832.77786 0.294676424 0.0635147398 -0.00333092242 -0.0222215934 0.0279007866 0.048144211 0.998203327
1341845832.81051 0.301777445 0.0652415266 -0.00659699253 -0.0233144686 0.0288819932 0.0494818164 0.998085074
1341845832.8458 0.307048632 0.069686896 -0.00356275884 -0.0243347075 0.0305608182 0.049074837 0.998030821
1341845832.87771 0.309871536 0.0663982935 -0.00301832662 -0.0254359007 0.0320343332 0.050765439 0.99787258
1341845832.91409 0.314054326 0.0702232505 -0.0070314353 -0.0246670567 0.0323765942 0.0516832437 0.997833721
1341845832.94567 0.320783896 0.0756813191 -0.00664575738 -0.0255289807 0.0335555937 0.049827315 0.997867492
1341845832.97803 0.323656236 0.0701727234 -0.00741776673 -0.0271593661 0.0342702255 0.0511219874 0.997734666
1341845833.02992 0.330690037 0.0737264553 -0.0101200839 -0.0264924799 0.0334612288 0.0523121089 0.997718366
1341845833.04587 0.335817935 0.0786498741 -0.00984363641 -0.0275214504 0.0346430112 0.0512163344 0.99770703
1341845833.07779 0.344671248 0.0788389959 -0.00807626165 -0.0292781689 0.0356695359 0.0506162664 0.997651476
1341845833.11366 0.354443323 0.0727960476 -0.0182872812 -0.0299511694 0.0370309444 0.0511249388 0.997555952
1341845833.14577 0.359529806 0.0784851962 -0.0274453111 -0.0299041176 0.0389309549 0.0513434693 0.997473795
1341845833.18191 0.367712354 0.0811968611 -0.0265909218 -0.0335356677 0.0411885215 0.0485559152 0.997407233
1341845833.21389 0.37197504 0.0752669217 -0.0250037035 -0.0353650615 0.0423796835 0.0499906983 0.997223247
1341845833.24572 0.377618986 0.0747827023 -0.0244156169 -0.0336668404 0.0402174804 0.0518583342 0.997276196
1341845833.28186 0.390048816 0.0752467728 -0.0253374848 -0.0301766889 0.0401599643 0.0527089035 0.997345635
1341845833.31385 0.39398426 0.0814221545 -0.0332250815 -0.0276258583 0.043325619 0.0531744077 0.997262345
1341845833.34976 0.399650347 0.0834376884 -0.0322347294 -0.0287721961 0.0440154643 0.0535767914 0.997178182
1341845833.38185 0.408006852 0.0821529328 -0.0274396103 -0.029385318 0.0462970268 0.0525820382 0.997109933
1341845833.41465 0.412287118 0.0834131163 -0.0320623882 -0.0303137686 0.0492075429 0.0524900859 0.996947583
1341845833.44983 0.41592886 0.0792677718 -0.0323613213 -0.0313394344 0.0483518275 0.0550086808 0.996821943
1341845833.48516 0.425142119 0.0800666122 -0.0312426696 -0.0300250692 0.0478462788 0.0544021345 0.996920075
1341845833.49775 0.425821212 0.0866644841 -0.0385339 -0.0309857974 0.0501476075 0.0530366339 0.996851149
1341845833.55022 0.425369475 0.0765576894 -0.0351064268 -0.0340135084 0.0489855038 0.0537583238 0.996771561
1341845833.58174 0.431482775 0.0758970197 -0.0301137128 -0.0308737397 0.0471053298 0.0540419203 0.996949031
1341845833.61782 0.430794824 0.0837246374 -0.0342757331 -0.0298656012 0.0470640784 0.0552504226 0.996915447
1341845833.64991 0.434114756 0.0827443898 -0.0348753446 -0.0326716225 0.0455201946 0.054143476 0.996959859
1341845833.68168 0.439515244 0.077207909 -0.028599862 -0.0326523174 0.0453148879 0.054423124 0.996954618
1341845833.71761 0.434485617 0.081583874 -0.0346833917 -0.0309915723 0.0443992715 0.0569759899 0.996906196
1341845833.75329 0.441537777 0.0902851533 -0.0301244626 -0.0324427623 0.0410805929 0.055908198 0.997062749
1341845833.7687 0.445042844 0.0861893078 -0.0302518667 -0.0350536336 0.042322643 0.0541640349 0.997018703
1341845833.81784 0.437879525 0.0874520652 -0.0273707414 -0.035808696 0.0429308832 0.0549847475 0.996920937
1341845833.84987 0.446267377 0.0826418639 -0.027818397 -0.0360328973 0.04033199 0.0550651442 0.997016946
1341845833.88567 0.449445307 0.0863814569 -0.0327156386 -0.0350485914 0.0418337926 0.0540033773 0.997048226
1341845833.91773 0.444126721 0.0885934481 -0.0319513792 -0.0370276236 0.0432619813 0.0533763893 0.996949506
1341845833.94968 0.447423003 0.0794043492 -0.0278999511 -0.037626445 0.0420617401 0.0537884937 0.996956297
1341845833.98567 0.452457762 0.085719598 -0.03282438 -0.0348588796 0.0432601314 0.0533431909 0.99702955
1341845834.01817 0.44541913 0.09116186 -0.0344638558 -0.0368205818 0.044844326 0.0519843905 0.996960809
1341845834.05008 0.441915832 0.0826922508 -0.0301438358 -0.0389700396 0.0434905835 0.0508524751 0.996997458
1341845834.08577 0.444386268 0.0850428207 -0.0327967142 -0.0383123323 0.0433206276 0.0484943657 0.997147825
1341845834.10182 0.44514753 0.0840016521 -0.0366397801 -0.0398545752 0.0443488076 0.0485168077 0.99704108
1341845834.1539 0.441038002 0.0839202629 -0.0349321896 -0.0403239769 0.0448967535 0.0488000608 0.996983858
1341845834.18575 0.437842511 0.0825646013 -0.0364794232 -0.0412439023 0.0457643239 0.0465999411 0.997012042
1341845834.21781 0.43051953 0.0842209602 -0.038803496 -0.0418455304 0.0468638283 0.0453722355 0.996992524
1341845834.25383 0.422095115 0.0887321323 -0.0449738002 -0.0450009172 0.0456882406 0.0441390188 0.996965019
1341845834.28576 0.420538546 0.0821619491 -0.0325358475 -0.0482913508 0.0433697257 0.0419184555 0.997010459
1341845834.32179 0.417506558 0.0773900367 -0.0282820146 -0.0463787966 0.0434104093 0.0430903227 0.997049531
1341845834.35514 0.412698071 0.075540996 -0.0294941544 -0.0406918771 0.0439137232 0.046275115 0.997133075
1341845834.38581 0.40574929 0.0790010296 -0.0356050132 -0.0377552147 0.0448826109 0.0460107785 0.997217681
1341845834.42176 0.397401291 0.0793347667 -0.037095566 -0.0382208438 0.0462877297 0.0447395075 0.997193557
1341845834.45385 0.38758801 0.0774955154 -0.0388780496 -0.0390085248 0.0455416879 0.0431518855 0.997267369
1341845834.48565 0.383801948 0.0748403953 -0.0339517284 -0.0392542574 0.0436423349 0.0405336171 0.997452493
1341845834.52179 0.377846911 0.0755532121 -0.033425451 -0.038503385 0.0437754519 0.0397621718 0.997506977
1341845834.55401 0.369442994 0.0749924187 -0.0342419936 -0.0391301437 0.0443238606 0.0395832458 0.997465485
1341845834.58979 0.35668778 0.0711287855 -0.0308900258 -0.039297185 0.0428657054 0.0404392882 0.997488309
1341845834.6218 0.353341688 0.0715442279 -0.0335462585 -0.0375672591 0.0402794135 0.040007379 0.997680149
1341845834.65382 0.347647485 0.0758850841 -0.0383902926 -0.0392538452 0.0409088717 0.0366942295 0.997716961
1341845834.68985 0.333676048 0.0710225689 -0.0369722901 -0.0429272031 0.0413859701 0.033525687 0.997657499
1341845834.72218 0.324208328 0.0647555892 -0.0314574965 -0.0437888598 0.0385208394 0.0337736917 0.997726425
1341845834.75421 0.320903969 0.0600517725 -0.0308626245 -0.0412653343 0.0362235711 0.0344603366 0.997896543
1341845834.78984 0.314222011 0.0668168453 -0.0341548453 -0.039418537 0.0370240952 0.0331433107 0.997986431
1341845834.82183 0.301454158 0.065075907 -0.0361773353 -0.0411127188 0.0371927037 0.0332952827 0.997906745
1341845834.85781 0.291214077 0.0620627785 -0.0319812985 -0.0417465836 0.0345846571 0.0329620004 0.997985286
1341845834.8898 0.283544086 0.0596180822 -0.0295421744 -0.0419732927 0.03336056 0.0312157648 0.99807359
1341845834.92178 0.272455969 0.0581946273 -0.0280890264 -0.0412632535 0.0325940408 0.0313378594 0.998124697
1341845834.95795 0.259730021 0.0573276731 -0.0306543348 -0.0403145944 0.030141082 0.0309414234 0.998252912
1341845834.98981 0.250957694 0.0576672725 -0.0235381275 -0.0394937745 0.0274266687 0.0300035466 0.998392612
1341845835.02182 0.240664581 0.0545726469 -0.0254942738 -0.0385237727 0.0254393317 0.0303486244 0.998472694
1341845835.05804 0.232422097 0.0518331077 -0.024854573 -0.0368462749 0.0235753102 0.0304828197 0.998577666
1341845835.08984 0.220693153 0.0533241593 -0.0268551496 -0.0353958713 0.0218212642 0.0314387715 0.99864036
1341845835.12567 0.207909071 0.0563015809 -0.0265114266 -0.0353144644 0.0192553201 0.0313317097 0.998699377
1341845835.15776 0.201234274 0.0525475508 -0.0267804654 -0.036793337 0.0166413909 0.0300706046 0.998731732
1341845835.18984 0.18937307 0.0443279235 -0.0238085107 -0.0355541332 0.0149876809 0.0305637441 0.998787831
1341845835.22624 0.179447353 0.0460511276 -0.0217639563 -0.0315125358 0.0119907436 0.0321826264 0.99891314
1341845835.2583 0.170934997 0.0512899375 -0.0252802266 -0.0302573162 0.0105594251 0.0307038671 0.999014647
1341845835.29051 0.158734257 0.0459424624 -0.0226034104 -0.031939139 0.00922727076 0.0291585186 0.999021786
1341845835.3258 0.148428348 0.0414915539 -0.0196800524 -0.0305780132 0.00631446856 0.0294676315 0.999077961
1341845835.36443 0.141127434 0.0428628443 -0.0197910217 -0.0287609831 0.00473051152 0.0276518252 0.999192576
1341845835.43176 0.114351287 0.0428166271 -0.024666097 -0.028434097 0.000416672273 0.0257332404 0.999264294
1341845835.44628 0.109884574 0.0350049757 -0.0217471793 -0.0291395706 -0.00350206905 0.0257540225 0.999237385
1341845835.4938 0.104012582 0.0348352186 -0.0201836514 -0.0260383674 -0.00481907027 0.0264578881 0.999299134
1341845835.52765 0.0879902216 0.037285022 -0.0239125119 -0.0247834241 -0.00603577255 0.0268338901 0.999314412
1341845835.56179 0.0824488492 0.0380730262 -0.0256062667 -0.0258053153 -0.011118258 0.0267982207 0.999245878
1341845835.59419 0.0831747968 0.034449075 -0.0216608039 -0.0273013152 -0.0125735897 0.025305337 0.999227793
1341845835.62588 0.0733046042 0.0283899537 -0.021540445 -0.0254756561 -0.0117072211 0.0262974986 0.999260914
1341845835.66193 0.0607287652 0.0254490824 -0.0221707193 -0.0213161121 -0.0146478069 0.0297740799 0.999221982
1341845835.69424 0.0663880683 0.0296197632 -0.0183699186 -0.0179545101 -0.0173485746 0.0303211624 0.999228347
1341845835.72573 0.0536943692 0.0244813185 -0.0179461896 -0.0166747774 -0.0138442893 0.030669129 0.999294597
1341845835.76182 0.0411148125 0.0221423124 -0.0220367411 -0.0139574128 -0.0148411739 0.033790311 0.999221269
1341845835.79393 0.0358274593 0.0257613579 -0.0182200431 -0.0113080687 -0.0175948093 0.0352547566 0.999159473
1341845835.82983 0.0335718802 0.0262238652 -0.0196794827 -0.0120812169 -0.0173241186 0.0339283458 0.999201074
1341845835.86823 0.0216024504 0.0181769785 -0.02348329 -0.0122339436 -0.0162772886 0.0353101241 0.999168942
1341845835.90386 0.00747041654 0.0202250551 -0.0190604967 -0.00925417365 -0.0190490249 0.0384380852 0.99903654
1341845835.93574 0.0120945596 0.023910199 -0.0199721618 -0.00813329495 -0.0209591835 0.03764324 0.999038312
1341845835.96782 0.00423265353 0.0181899233 -0.0214437811 -0.00837046036 -0.0185385248 0.0373948911 0.999093529
1341845836.0038 -0.00808498782 0.0113453524 -0.0213415055 -0.00588066071 -0.0184916772 0.04032956 0.998997999
1341845836.03599 -0.00772458897 0.0167496319 -0.0199455561 -0.00237778655 -0.0200170294 0.0410598599 0.998953329
1341845836.06768 -0.0151130864 0.0186774519 -0.0207231453 -0.00211484926 -0.0177396014 0.0393079047 0.999067426
1341845836.10405 -0.0294026336 0.0108498423 -0.0195471209 -0.00147557114 -0.0175210134 0.0397585458 0.999054601
1341845836.13603 -0.0377532379 0.0145316487 -0.0196360803 0.00101400686 -0.021124912 0.0405613416 0.998953196
1341845836.17212 -0.0396258303 0.0204396145 -0.022423226 0.00110950035 -0.0237955509 0.0389928754 0.998955503
1341845836.20365 -0.0426500526 0.0146495406 -0.019329724 -0.000713769548 -0.0228346778 0.0380071581 0.999016278
1341845836.23569 -0.0568822533 0.00680014501 -0.0184482415 0.000515876274 -0.0222335927 0.0396295044 0.998966918
1341845836.27181 -0.0644335201 0.00808790152 -0.0245242242 0.00367196264 -0.0260045572 0.042280614 0.998760547
1341845836.3038 -0.064306192 0.0151019261 -0.0227458649 0.00510652409 -0.0281105943 0.042630285 0.99868232
1341845836.33576 -0.0642987377 0.0149394294 -0.0225015998 0.00353284092 -0.0267460373 0.042550513 0.998730005
1341845836.37224 -0.073216346 0.00410415526 -0.0229101438 0.00434114436 -0.0241524413 0.0460131562 0.998639376
1341845836.40434 -0.0791766905 0.00980942475 -0.0237331531 0.00818452497 -0.0237448411 0.0490756658 0.998479231
1341845836.43571 -0.0775744099 0.0125140109 -0.0264056408 0.00928593163 -0.0219343796 0.0504884435 0.99844057
1341845836.47183 -0.0876049464 0.015204676 -0.0267144314 0.0099378118 -0.0180124179 0.0499236848 0.998541145
1341845836.50397 -0.0987278214 0.0124014109 -0.0300975955 0.0097477155 -0.0175840444 0.0518663498 0.998451634
1341845836.53984 -0.10046779 0.0157070125 -0.0297858292 0.010457958 -0.0196908651 0.0523039685 0.998382289
1341845836.572 -0.102384843 0.0166415548 -0.0301755187 0.00952893317 -0.0196082575 0.0519761334 0.998410335
1341845836.60439 -0.107340536 0.0179146691 -0.0312286557 0.00789855696 -0.0190253677 0.0507111478 0.99850089
1341845836.63973 -0.110098106 0.00757963767 -0.0321694398 0.00536381949 -0.0196303697 0.0498265303 0.998550547
1341845836.67206 -0.109707827 0.00184962724 -0.0295154502 0.00727641369 -0.0201315649 0.0480102414 0.99861744
1341845836.70439 -0.113333631 -0.0038314322 -0.0326158067 0.00921416992 -0.0195770386 0.0482999667 0.998598494
1341845836.7398 -0.113446261 -0.0183390339 -0.0395234672 0.0131851445 -0.0202181349 0.0495608646 0.998479394
1341845836.77167 -0.110041841 -0.019627862 -0.0356206932 0.0227060234 -0.019800763 0.0513924566 0.998224014
1341845836.80361 -0.118306196 -0.0247143311 -0.0309069363 0.0282815741 -0.0178414552 0.0531453528 0.998026756
1341845836.83965 -0.120355203 -0.0329259477 -0.0323434827 0.0301806468 -0.0193961254 0.05446091 0.997871198
1341845836.87178 -0.117116648 -0.0383740738 -0.0313772236 0.0336091195 -0.0207809068 0.0549766411 0.997705442
1341845836.90767 -0.111065164 -0.0375916604 -0.0300226954 0.0353173968 -0.019374031 0.057413668 0.997537468
1341845836.93983 -0.119108155 -0.0499012973 -0.026714733 0.0351533794 -0.0170442616 0.059623378 0.997456157
1341845836.97182 -0.117006443 -0.0519541597 -0.02813329 0.0378654574 -0.0185012545 0.0601509607 0.997299239
1341845837.00772 -0.0942626294 -0.0395084449 -0.0301380573 0.0363149496 -0.0175816468 0.0613207245 0.997302301
1341845837.03976 -0.110550782 -0.0629858248 -0.0259698864 0.0296226532 -0.0100069124 0.0609997381 0.99764793
1341845837.07172 -0.112973925 -0.080815667 -0.0257627177 0.033080279 -0.00941933299 0.0604386985 0.997579137
1341845837.1077 -0.105165968 -0.0805110127 -0.0281408918 0.034666684 -0.00897968837 0.062400401 0.99740853
1341845837.13977 -0.107703402 -0.0952304998 -0.0238981367 0.0339420568 -0.00493062054 0.0611994154 0.997536093
1341845837.17164 -0.117152023 -0.109033852 -0.0282998704 0.0377166813 -0.00143873867 0.0555574069 0.997741829
1341845837.20768 -0.118755921 -0.105685777 -0.0330969595 0.0385667441 -0.003723989 0.0535732096 0.997811931
1341845837.23975 -0.111341706 -0.119870625 -0.0284502101 0.035738934 -0.00521290613 0.0483281044 0.998178315
1341845837.27577 -0.110642668 -0.137054544 -0.0282172149 0.0361602255 -0.00311018183 0.0438606603 0.998378189
1341845837.30769 -0.11391536 -0.1565237 -0.0344491682 0.0390522012 -0.00323683215 0.0480952492 0.998073793
1341845837.33964 -0.111999683 -0.1637538 -0.0275072891 0.0443005899 -0.00568878955 0.0494441379 0.997777717
1341845837.37572 -0.105608311 -0.167972243 -0.0277213201 0.0488312382 -0.00485622918 0.0468605726 0.997695351
1341845837.40774 -0.104717848 -0.159736259 -0.029881484 0.0494043364 -0.00169802534 0.0450968966 0.997758788
1341845837.43967 -0.106224129 -0.168703621 -0.0362776992 0.0425110613 0.000964650801 0.0419163015 0.99821586
1341845837.47568 -0.102716046 -0.187946792 -0.0324964071 0.0387702811 0.00216140639 0.0398764119 0.998449831
1341845837.50832 -0.0943517616 -0.192147746 -0.0383079581 0.0384776764 0.00546622686 0.0391549014 0.998477082
1341845837.54372 -0.100303175 -0.196892913 -0.0335842867 0.0346204792 0.0103920579 0.0371452981 0.998655924
1341845837.57571 -0.0993586522 -0.211854804 -0.0327302139 0.0328791249 0.0119417649 0.033520583 0.998825674
1341845837.60764 -0.0928090007 -0.222595703 -0.0373233576 0.0333265462 0.0139512492 0.0316820135 0.99884481
1341845837.64371 -0.0959617187 -0.230138244 -0.0368990489 0.0348690643 0.0170748055 0.028804702 0.998830761
1341845837.67571 -0.0967074943 -0.241398184 -0.0389534474 0.0368784466 0.0189034097 0.0267789909 0.998782022
1341845837.71181 -0.0913409887 -0.241322861 -0.0395393873 0.0388532805 0.0203743593 0.0259710172 0.998699562
1341845837.74432 -0.0915206488 -0.248175383 -0.0432417074 0.0387829617 0.023362897 0.0239377075 0.99868766
1341845837.77572 -0.0910632135 -0.260238996 -0.0418824943 0.0405141733 0.0257702863 0.0231052352 0.998579312
1341845837.81193 -0.0855350212 -0.250603437 -0.0406066354 0.0418461475 0.0281535326 0.0237642371 0.99844456
1341845837.84392 -0.0871924859 -0.259955971 -0.0425210615 0.038552697 0.0310376348 0.0218105965 0.998536255
1341845837.8798 -0.0840568253 -0.273399216 -0.0396449383 0.0391647116 0.0329083929 0.0211183032 0.998467416
1341845837.91196 -0.0874416438 -0.281466461 -0.0381375301 0.0427687271 0.0338953544 0.0234190471 0.998235187
1341845837.94619 -0.0863895868 -0.276837365 -0.041097105 0.045732885 0.0333496501 0.0252818008 0.998076718
1341845837.97972 -0.0775376755 -0.273009271 -0.0398146943 0.0452583473 0.0354323969 0.023338715 0.998073911
1341845838.02742 -0.0806106873 -0.275487322 -0.0396753169 0.0430251254 0.0398610427 0.0209209314 0.998059242
1341845838.04236 -0.0868512029 -0.279916907 -0.0365270913 0.0385111905 0.0405568347 0.018692736 0.998259792
1341845838.07391 -0.0839363912 -0.29448946 -0.033757473 0.037299987 0.0398870308 0.0168697635 0.998365237
1341845838.1058 -0.0848026981 -0.298458254 -0.032281764 0.0394472237 0.0411080884 0.0179958966 0.998213499
1341845838.14168 -0.0827579629 -0.293617152 -0.032337695 0.0399175001 0.040971997 0.0180611436 0.99819922
1341845838.17369 -0.0765994041 -0.29443612 -0.0350856292 0.0371924627 0.0411204549 0.0134874601 0.998370631
1341845838.20578 -0.0736793441 -0.294373753 -0.0326570043 0.0327052782 0.0433260391 0.00898230302 0.998485121
1341845838.2419 -0.0815026269 -0.297847479 -0.0294341785 0.026267776 0.0466060998 0.00591153984 0.998550414
1341845838.2738 -0.0900354114 -0.316112073 -0.0234825303 0.0230227106 0.0464051111 0.00303373778 0.998652751
1341845838.30986 -0.0889096017 -0.31692593 -0.0229258564 0.0237821003 0.0438269164 0.00325018931 0.998750744
1341845838.34181 -0.0856215699 -0.325811832 -0.0243589934 0.0229363244 0.0419323055 0.0062475239 0.998837612
1341845838.37388 -0.082207233 -0.332992425 -0.0201234576 0.0243092798 0.0418169971 0.00711006575 0.998804207
1341845838.40972 -0.0864955737 -0.330948083 -0.0201703288 0.025138567 0.0419684224 0.00894782542 0.998762555
1341845838.4424 -0.0817448733 -0.330915599 -0.0242994964 0.0230033336 0.0409178421 0.0107218356 0.998840137
1341845838.47378 -0.0807381117 -0.3392474 -0.0232502349 0.0202743679 0.0412572486 0.00780512626 0.998912343
1341845838.50973 -0.0787308646 -0.346445977 -0.0190526192 0.0188305484 0.0423651717 0.00590961522 0.998907243
1341845838.54165 -0.0854460316 -0.353872162 -0.0177128043 0.019299399 0.0427543882 0.00582565247 0.998882204
1341845838.57781 -0.0795151822 -0.360032104 -0.0204619914 0.0218744112 0.042149112 0.00305784695 0.998867164
1341845838.60983 -0.0733776441 -0.363572637 -0.024163428 0.0239182781 0.0435037425 0.000741021184 0.998766635
1341845838.64169 -0.0739517175 -0.365182732 -0.0224984434 0.0254935034 0.045598222 0.000281581349 0.99863447
1341845838.67787 -0.0763548666 -0.367737098 -0.0226389643 0.0261572388 0.0459997817 -0.000246821894 0.998598897
1341845838.70966 -0.0672493398 -0.366037739 -0.0288663203 0.0257715373 0.0457420889 -0.00137285198 0.99861985
1341845838.74592 -0.0470801779 -0.34725446 -0.0448831081 0.0222553506 0.0481944143 -0.00201837159 0.998587965
1341845838.77773 -0.071056911 -0.367018436 -0.0279588356 0.0138673179 0.0537482343 -0.00477408878 0.99844681
1341845838.80966 -0.0765151391 -0.380604498 -0.0265498778 0.0107248037 0.0526825553 -0.00577252529 0.998537032
1341845838.84588 -0.06527126 -0.382199311 -0.0261972522 0.011208893 0.0511865016 -0.00568914727 0.998610002
1341845838.8777 -0.0518390074 -0.368445728 -0.0375104076 0.00864236806 0.0535859627 -0.0054015687 0.99851123
1341845838.90967 -0.0616189157 -0.386783473 -0.0210538556 0.00234568313 0.05740658 -0.0110947027 0.998286477
1341845838.94585 -0.0669746142 -0.396861039 -0.0218006313 0.00147447932 0.0580971668 -0.012175932 0.998235589
1341845838.97854 -0.0598244599 -0.398545116 -0.0236153096 0.00315902571 0.0574482434 -0.0104724518 0.998288559
1341845839.01392 -0.0508574282 -0.400270168 -0.0254025906 0.00362300933 0.0589592731 -0.0108829698 0.99819449
1341845839.04625 -0.0555444749 -0.396044019 -0.0261456058 0.00273649618 0.0618746961 -0.0131428928 0.997993636
1341845839.07776 -0.0628487081 -0.399453932 -0.0250740621 -0.000288991736 0.0608835145 -0.0147814192 0.998035382
1341845839.11401 -0.0560910331 -0.413275058 -0.0210705625 -0.000603300195 0.0581873407 -0.0135597189 0.998213406
1341845839.14616 -0.0505194115 -0.409495448 -0.0231830756 0.00298147371 0.057626569 -0.0108740299 0.998274534
1341845839.17775 -0.0472369568 -0.407181857 -0.0246048171 0.00296894201 0.0579069162 -0.00971227306 0.998270327
1341845839.21401 -0.039641607 -0.415895652 -0.0230678376 0.00273444308 0.0590305538 -0.010799201 0.998194016
1341845839.24621 -0.0393661701 -0.416600342 -0.0227161389 0.00532467733 0.06119629 -0.00942055602 0.998067089
1341845839.2818 -0.035739457 -0.414855385 -0.0229365937 0.00577354951 0.0625647153 -0.00735421446 0.997997113
1341845839.31403 -0.0268153859 -0.417267318 -0.0256419195 0.00573229619 0.0648340844 -0.00976104312 0.997831852
1341845839.34595 -0.0347804405 -0.422060696 -0.0230598041 0.00606542104 0.0674762367 -0.0100609553 0.997651715
1341845839.38176 -0.0328676636 -0.427496221 -0.0259284171 0.00734479097 0.0667656895 -0.00603369911 0.997723404
1341845839.41381 -0.0240115755 -0.427233937 -0.0240625138 0.00999397842 0.0669640193 -0.00430213413 0.997696062
1341845839.44572 -0.021050061 -0.422540196 -0.0255299319 0.0118460717 0.0687764769 -0.00465488121 0.9975509
1341845839.48175 -0.0199802454 -0.421781131 -0.0301373803 0.0104428215 0.0695703022 -0.00485286213 0.997510587
1341845839.51401 -0.0156352669 -0.42919126 -0.0262528562 0.00837141403 0.0711064322 -0.00587953261 0.997416275
1341845839.5498 -0.0171155235 -0.431703116 -0.026025455 0.0102074171 0.0728997054 -0.0049463787 0.997274774
1341845839.58768 -0.0143368301 -0.426033486 -0.0321790236 0.0114622027 0.0723637376 -0.00341921984 0.997306581
1341845839.60104 -0.00872967856 -0.430199607 -0.0309579753 0.0105432529 0.0734587112 -0.00491498764 0.997230415
1341845839.66579 -0.00891039787 -0.428991835 -0.0318681665 0.0112582457 0.0757742796 -0.00497480501 0.997049027
1341845839.68183 -0.0166230645 -0.421895684 -0.0306073919 0.0113103376 0.0755824544 -0.00371903828 0.997068472
1341845839.71391 -0.0113519208 -0.42479272 -0.0280644868 0.0101070025 0.0738350593 -0.00466385892 0.997208344
1341845839.74982 -0.00727157625 -0.425114573 -0.0305945513 0.00996700292 0.0748763182 -0.0045879821 0.997132462
1341845839.7818 -0.0170067698 -0.416368033 -0.0302295539 0.00968824897 0.0762648112 -0.00375112227 0.997033473
1341845839.81784 -0.017721544 -0.418689202 -0.0267650127 0.00742610302 0.0745973329 -0.00347373121 0.997180036
1341845839.85001 -0.0138469413 -0.412856243 -0.025713641 0.00676812047 0.0740410043 -0.00329544843 0.997226786
1341845839.88183 -0.0186125805 -0.408571134 -0.0297426424 0.00482390517 0.0742845975 -0.00390154156 0.997217783
1341845839.91788 -0.0274762041 -0.406571631 -0.0238579812 0.0026078443 0.0733086567 -0.00439464862 0.997296208
1341845839.95041 -0.0284246444 -0.402044815 -0.0251289412 0.00116382089 0.0708031439 -0.00327520544 0.997484252
1341845839.98576 -0.0271981513 -0.398400901 -0.0205354251 -0.00132792736 0.0685710419 -0.00306283059 0.997640651
1341845840.01767 -0.0285369651 -0.389870445 -0.021063663 -0.00482197351 0.0671123319 -0.00487263815 0.997721876
1341845840.04976 -0.0369669638 -0.3877264 -0.0172433527 -0.0093598002 0.0666531863 -0.00544761591 0.99771743
1341845840.08565 -0.0400804352 -0.393160067 -0.014980686 -0.0129979961 0.064283389 -0.00420179222 0.997838185
1341845840.1177 -0.0415297414 -0.385449216 -0.0148129431 -0.0137352499 0.0626468065 -0.00288744188 0.997937064
1341845840.14981 -0.0447250053 -0.370502317 -0.0152906429 -0.0160358128 0.0618980958 -0.00195704536 0.997951726
1341845840.18609 -0.0439520973 -0.370303442 -0.0126108054 -0.0212363498 0.0610799905 -0.00262377915 0.997903486
1341845840.21767 -0.0432904186 -0.361845029 -0.0106943295 -0.0248012763 0.0616241279 -0.00260237321 0.997787849
1341845840.2537 -0.053477322 -0.360295827 -0.008810093 -0.0283895876 0.0618834131 -0.00148851359 0.997678435
1341845840.28592 -0.0567333179 -0.353089736 -0.00956494936 -0.0300557039 0.0589139963 -0.000491926929 0.99781038
1341845840.31777 -0.0557971325 -0.34473027 -0.00658273823 -0.0323289357 0.0570278131 0.00120807646 0.99784829
1341845840.35387 -0.0547122392 -0.342269627 -0.0080398508 -0.0347506374 0.0565859388 0.00206792329 0.997790634
1341845840.38578 -0.0592856118 -0.332452045 -0.00695635897 -0.0372563964 0.0575944772 0.000215132816 0.997644622
1341845840.41768 -0.0647360491 -0.327868074 -0.00603866593 -0.0408355643 0.0567202459 -0.000869352699 0.997554267
1341845840.45406 -0.063535316 -0.32786651 -0.00097948385 -0.0433738666 0.0553224339 -0.000734786535 0.997525737
1341845840.48596 -0.063795869 -0.320928134 -0.00168179231 -0.0434531786 0.0555639721 -0.000745072467 0.997508853
1341845840.52181 -0.0720423381 -0.312578617 -0.000235170074 -0.0445398483 0.0556457814 -0.00016006081 0.997456627
1341845840.55368 -0.0760530593 -0.309312203 -0.00128257142 -0.0468664923 0.0537881136 0.0010596833 0.997451376
1341845840.58577 -0.0761406752 -0.307549247 -0.00174236567 -0.048139477 0.0526782255 -0.00035338739 0.997450485
1341845840.62186 -0.0773131209 -0.297797328 -0.000929395018 -0.0487261783 0.0525425014 -0.000895151713 0.997428816
1341845840.65379 -0.0856286343 -0.291252979 0.00105067486 -0.0528722913 0.0521476803 -0.00266975477 0.997235184
1341845840.68586 -0.0859599313 -0.301582199 0.00479248682 -0.0553892127 0.0509367539 -0.00590434324 0.997147241
1341845840.72185 -0.093736315 -0.306435935 0.00169045696 -0.0535515762 0.0514893061 -0.00738637743 0.997209367
1341845840.75383 -0.102742776 -0.307245725 -0.00422705191 -0.0504871423 0.0484077074 -0.0039383627 0.997543098
1341845840.78981 -0.0906584517 -0.299325642 -0.000922955679 -0.0471907895 0.0443783365 -0.00233795006 0.997896852
1341845840.82177 -0.0903671784 -0.287417633 0.000711715322 -0.044816374 0.0457532934 -0.00409019728 0.997938575
1341845840.85367 -0.0984122421 -0.284078028 0.000991596979 -0.0449069968 0.0472297952 -0.00312840673 0.99786919
1341845840.88976 -0.101255656 -0.280779435 0.000118834556 -0.0450129182 0.0455364188 -0.00111744663 0.997947405
1341845840.9218 -0.0925510413 -0.269987584 -0.00122701464 -0.0445730912 0.0454115746 -0.001300666 0.997972613
1341845840.95779 -0.0969031936 -0.258608618 -0.000236634523 -0.0460603416 0.048683766 -0.00277309926 0.997747787
1341845840.98978 -0.101888948 -0.259802656 0.0038561203 -0.0492015766 0.0501013605 -0.00242050377 0.997528546
1341845841.02177 -0.101888463 -0.263149011 0.00668256761 -0.0488419459 0.0506617239 -0.0015139647 0.997519705
1341845841.05781 -0.0993395448 -0.260464304 0.00808408568 -0.0447700062 0.0515358602 -0.000955503649 0.997666672
1341845841.08987 -0.101809415 -0.250421369 0.00809048224 -0.0404516764 0.053801077 -0.00225108178 0.997729442
1341845841.12778 -0.107580828 -0.24551541 0.0094452943 -0.0395377284 0.0546213521 -0.00490649732 0.997711984
1341845841.14278 -0.106522605 -0.241176506 0.00978575247 -0.0382800926 0.0534205594 -0.00925245759 0.997795205
1341845841.18984 -0.10916895 -0.240478522 0.0105366134 -0.0365685055 0.0536190912 -0.01317842 0.997804624
1341845841.22588 -0.109389153 -0.234694968 0.0104386464 -0.032823341 0.0530490829 -0.0151462618 0.99793738
1341845841.25779 -0.110858945 -0.225304409 0.0085603479 -0.0292584289 0.0528751161 -0.0161733399 0.998041377
1341845841.28984 -0.111128973 -0.21305927 0.00744053505 -0.0275076032 0.0517556635 -0.0142574209 0.998179047
1341845841.32587 -0.108181254 -0.201285788 0.00836597612 -0.0286226316 0.0510380907 -0.0131902624 0.998199316
1341845841.35778 -0.113175646 -0.202510713 0.0107374196 -0.0311973457 0.0507069218 -0.0132975395 0.99813762
1341845841.38975 -0.11989526 -0.205268263 0.0136805053 -0.0292600018 0.048354941 -0.011544446 0.998334802
1341845841.42565 -0.112996294 -0.200718567 0.0139249006 -0.0230485497 0.0448196909 -0.00700776252 0.998704586
1341845841.45779 -0.109354953 -0.195923681 0.0157390418 -0.0147339008 0.0437131972 -0.00124182564 0.998934696
1341845841.49364 -0.108208851 -0.177427183 0.0137226605 -0.0096295123 0.0425187954 0.00181508175 0.999047611
1341845841.52581 -0.104857053 -0.162216778 0.0134505918 -0.0114013435 0.0421837808 0.00299733026 0.999040317
1341845841.55781 -0.106818281 -0.158393782 0.0176609418 -0.0145355177 0.0428411595 0.00354429806 0.998969865
1341845841.59372 -0.11094542 -0.15872254 0.0203140371 -0.016597565 0.0418504885 0.00557860105 0.998970438
1341845841.62581 -0.106192411 -0.162751496 0.0223079204 -0.0150877199 0.0396204841 0.00718633353 0.99907504
1341845841.65778 -0.105602076 -0.154326753 0.0218684537 -0.0118250213 0.0399308211 0.00866615994 0.999094888
1341845841.6939 -0.109946231 -0.147448925 0.0220478053 -0.0106387343 0.0399793188 0.0103202839 0.999090568
1341845841.72585 -0.108251536 -0.144023951 0.0227955674 -0.0111203799 0.038968917 0.0102174347 0.999126301
1341845841.76198 -0.109039495 -0.137459229 0.0233271738 -0.010202108 0.0387213945 0.00853193719 0.999161537
1341845841.79371 -0.114229638 -0.127643923 0.0230302682 -0.0115524522 0.0380278181 0.0089924338 0.999169436
1341845841.82591 -0.116554785 -0.130921146 0.0247636968 -0.0141458457 0.0365387393 0.00822409373 0.999198269
1341845841.86247 -0.116394649 -0.13326064 0.0286638962 -0.0137536069 0.0347840208 0.00902232962 0.99925948
1341845841.89385 -0.116865017 -0.13257297 0.0306748879 -0.0090039786 0.0323315275 0.0129828238 0.999352314
1341845841.92574 -0.11507867 -0.122122557 0.0263869894 -0.00540415548 0.0302895977 0.0152057717 0.999410886
1341845841.96181 -0.110655939 -0.119808532 0.0278532967 -0.00555658724 0.0292113795 0.0150352221 0.999444727
1341845841.99407 -0.108048737 -0.109905128 0.0293383686 -0.00502987245 0.0303556694 0.0130840428 0.999440864
1341845842.03038 -0.11725674 -0.102550863 0.0278877964 -0.00747474117 0.0309694594 0.0126164712 0.99941275
1341845842.06262 -0.115075972 -0.108758861 0.0298757377 -0.00914696987 0.0285967931 0.0138709951 0.999452926
1341845842.09567 -0.11101049 -0.0985014931 0.0299750018 -0.00794143007 0.0280595276 0.0147148162 0.999466393
1341845842.13099 -0.113331367 -0.0955032727 0.028440715 -0.00856609758 0.0287249175 0.0167307322 0.999410618
1341845842.16927 -0.113146451 -0.0886995084 0.0292683303 -0.00881749675 0.0286437478 0.018653655 0.99937672
1341845842.20506 -0.11360451 -0.0896703729 0.0292231312 -0.00921128451 0.0287811451 0.0195533172 0.999352023
1341845842.23703 -0.120713634 -0.0847602288 0.0307227101 -0.00729129883 0.0281315035 0.0211766394 0.999353294
1341845842.28553 -0.119953082 -0.0783148681 0.0306771986 -0.00493304662 0.0239746935 0.0243140026 0.999404677
1341845842.29811 -0.109647996 -0.0734398027 0.0326905713 -0.00307664143 0.0220698607 0.0257733688 0.999419426
1341845842.33115 -0.116180706 -0.0642395525 0.0318771679 -0.00122411686 0.0239366062 0.0256098538 0.999384649
1341845842.36312 -0.11860847 -0.0513153281 0.0291436932 -0.0026090569 0.0223777511 0.0267314313 0.999388743
1341845842.40196 -0.113175409 -0.0527977752 0.0319167691 -0.00614944623 0.0212688789 0.027116465 0.99938707
1341845842.44009 -0.112577848 -0.052299078 0.0337746323 -0.00707567363 0.0219570575 0.0267251551 0.9993766
1341845842.47258 -0.11822677 -0.0513182242 0.0326488435 -0.007505308 0.0223143194 0.0278211792 0.999335641
1341845842.50654 -0.11900674 -0.052390427 0.0320542707 -0.00758645432 0.0201194672 0.028774604 0.999354629
1341845842.53975 -0.113624521 -0.0494014794 0.0328993491 -0.0070224057 0.0198124296 0.0272516226 0.999407576
1341845842.58532 -0.116686919 -0.0465296353 0.0352625503 -0.0063708951 0.0210353173 0.0253824238 0.999436171
1341845842.59782 -0.120243806 -0.0491113938 0.0352058802 -0.00551216599 0.0206742735 0.0262383876 0.999426704
1341845842.67181 -0.116860047 -0.0333494173 0.0372016443 -0.00126120118 0.0200116425 0.0270109445 0.999434016
1341845842.68479 -0.123342984 -0.0350581199 0.0372816222 -0.00229952442 0.0204937395 0.0295885989 0.999349405
1341845842.73384 -0.123138971 -0.0317368575 0.0390888044 0.000126977903 0.0189252613 0.0328715315 0.999280381
1341845842.77257 -0.123280227 -0.0196514802 0.0362282348 0.00202499842 0.0185005294 0.0351291399 0.999209474
1341845842.80369 -0.121917494 -0.0130198979 0.0384062214 -0.000192670705 0.0180609844 0.037400148 0.999137124
1341845842.83978 -0.118731942 -0.0146326006 0.0368792921 -0.00177064906 0.0185865351 0.0369362417 0.999143193
1341845842.87196 -0.124479076 -0.00892015164 0.0365586854 -0.00169040864 0.01994857 0.0359416244 0.99915334
1341845842.90377 -0.125324216 0.000663049968 0.0362669854 -0.00279919698 0.018855142 0.0365703933 0.999149265
1341845842.9397 -0.122053575 -0.000114493204 0.0388813961 -0.00545778432 0.0191473806 0.0352664225 0.999179598
1341845842.97171 -0.127747291 0.00151903515 0.0403734241 -0.0048612817 0.0202910143 0.0344002671 0.999190304
1341845843.00366 -0.131896242 0.0105102535 0.0410281158 -0.00401636393 0.0186835876 0.0369396514 0.999134753
1341845843.03969 -0.123211911 0.0136913299 0.0444160969 -0.00407320466 0.0168703117 0.038735446 0.999098777
1341845843.07179 -0.12516619 0.0182389545 0.0427380091 -0.00374282481 0.0190912853 0.038827396 0.999056529
1341845843.10373 -0.133556324 0.0171845523 0.0426717548 -0.00389315989 0.0192789452 0.0415425572 0.998943132
1341845843.13975 -0.133955136 0.0251609256 0.040416121 -0.00144415809 0.0161903825 0.0433921601 0.998925876
1341845843.17187 -0.12987897 0.0348940579 0.0388147694 -0.00212337988 0.015547857 0.0411223657 0.999030884
1341845843.20791 -0.133320602 0.0415641962 0.0403846144 -0.00506677246 0.0167570942 0.03666998 0.999174079
1341845843.2404 -0.138899932 0.0432103432 0.0411931465 -0.00885353744 0.0162797259 0.0336606276 0.999261501
1341845843.2824 -0.140943463 0.044677787 0.0415249019 -0.00968760025 0.014384582 0.0329426111 0.999306769
1341845843.30794 -0.139019694 0.050060646 0.0428738063 -0.00924453425 0.0126619269 0.0331809155 0.999326394
1341845843.33985 -0.138108193 0.0520375932 0.0460552503 -0.00880986379 0.0120235567 0.0350710458 0.999273657
1341845843.40797 -0.137365427 0.072324319 0.0500772833 -0.00366309061 0.0155282201 0.0370875347 0.999184653
1341845843.42293 -0.138121939 0.0756852839 0.0512135157 -0.0049946504 0.0154904995 0.0391728847 0.999099886
1341845843.46971 -0.12982197 0.0863148046 0.0503429208 -0.00498716434 0.0172710029 0.0378689272 0.999121006
1341845843.50176 -0.139571947 0.0925072288 0.0561698676 -0.00680160904 0.0209081125 0.0372635948 0.999063568
1341845843.53775 -0.142109312 0.0947387513 0.0569886538 -0.00765188561 0.0186142992 0.0405927951 0.998973063
1341845843.58608 -0.132480164 0.109394916 0.0549547985 -0.00772034872 0.0178000123 0.0401205384 0.999006456
1341845843.60192 -0.141176293 0.115697868 0.0594749797 -0.0118220143 0.0196947018 0.0377554634 0.999022965
1341845843.63786 -0.136380445 0.120928127 0.0613483478 -0.0140961259 0.0185081138 0.0376670264 0.999019491
1341845843.67029 -0.132828055 0.123611277 0.0655146343 -0.0146877025 0.0202480017 0.0387582381 0.998935478
1341845843.70601 -0.13554588 0.13586097 0.0633486669 -0.0132982319 0.0235353059 0.0399349002 0.998836548
1341845843.73809 -0.134528711 0.138895324 0.0686507708 -0.015629808 0.0255524092 0.0415879348 0.99868575
1341845843.7699 -0.134612307 0.139519877 0.0707660964 -0.0142276325 0.0263211358 0.0443606935 0.998567424
1341845843.80575 -0.130451211 0.148435001 0.0684077711 -0.0121554809 0.0276094584 0.0470374686 0.998437499
1341845843.83773 -0.128338562 0.15727946 0.0702019434 -0.0125940477 0.0301754448 0.0464267691 0.998386392
1341845843.86973 -0.129432913 0.156612891 0.0710639735 -0.0137766605 0.0332939414 0.0455635292 0.998311415
1341845843.90583 -0.129153634 0.15644427 0.0730468157 -0.0113455481 0.0342246491 0.0480868893 0.998192167
1341845843.93786 -0.124055602 0.160480542 0.0720051843 -0.00777959899 0.0356763778 0.051668401 0.997996518
1341845843.97385 -0.123191985 0.171666749 0.0672001755 -0.0045136528 0.0406540381 0.0517745043 0.997820764
1341845844.00589 -0.127083353 0.169950418 0.071497498 -0.00461116602 0.0436120448 0.0529461005 0.997633919
1341845844.03785 -0.129957012 0.176014221 0.0675731462 -0.00206485182 0.0430142289 0.0515334023 0.997742362
1341845844.07385 -0.123252822 0.184217744 0.0666981261 -0.0025815937 0.0439081238 0.0479520472 0.997880761
1341845844.10585 -0.125425909 0.181262535 0.0698083505 -0.00329808255 0.0469283206 0.0455308716 0.997854596
1341845844.13773 -0.127646419 0.185589223 0.0698400562 -0.00246044231 0.0475986487 0.045515191 0.997825978
1341845844.17374 -0.125742447 0.190127569 0.0701783893 -0.000564728387 0.047420889 0.0445295018 0.997881789
1341845844.20578 -0.126264797 0.200643728 0.0693396574 -0.0017396072 0.048620557 0.0424337547 0.99791402
1341845844.24185 -0.127175536 0.19409098 0.0748238175 -0.00248227133 0.0480548368 0.0442312873 0.997861796
1341845844.27375 -0.123568229 0.199761708 0.073733925 0.00453860807 0.0466807569 0.0476441447 0.997762669
1341845844.30577 -0.126322031 0.21442495 0.0742642162 0.00782872336 0.0476545342 0.0502374309 0.997569024
1341845844.34171 -0.127627023 0.224514107 0.0717626817 0.00556586127 0.0475240445 0.0486652809 0.99766837
1341845844.37373 -0.129927591 0.229145388 0.0723606749 0.00156288321 0.0474132385 0.0480854979 0.997716055
1341845844.40979 -0.131149568 0.23653315 0.0717846815 0.00072270436 0.0466903429 0.0501216723 0.997650895
1341845844.44188 -0.128564234 0.244408038 0.0739769109 -0.00102712106 0.045588658 0.0517962095 0.997616044
1341845844.47365 -0.125522333 0.249652273 0.0737213171 -0.00310410155 0.0465043245 0.0525606816 0.997529492
1341845844.50974 -0.128541505 0.255429562 0.0735245903 -0.00426891826 0.0481997771 0.053978069 0.997369002
1341845844.54175 -0.133294724 0.265770508 0.0725469257 -0.00636929882 0.0475290008 0.0555284982 0.997304874
1341845844.57381 -0.130797699 0.271441832 0.0725417094 -0.00907496196 0.0457124974 0.0546787021 0.997415787
1341845844.60978 -0.13158402 0.272963454 0.0743572373 -0.0108961312 0.0460540742 0.0554309364 0.997340317
1341845844.64175 -0.13912276 0.276968089 0.0755517944 -0.0112203716 0.0447141222 0.0573283585 0.997290434
1341845844.67764 -0.138485553 0.282299485 0.0716907813 -0.00771273638 0.039312923 0.0614151864 0.997307968
1341845844.70983 -0.143107815 0.299347059 0.0717083434 -0.00743860956 0.0373642237 0.0610248274 0.997408919
1341845844.74177 -0.148295759 0.297444738 0.0715202091 -0.0107172804 0.0342765364 0.0610302394 0.997489633
1341845844.77812 -0.149062354 0.303058066 0.069576355 -0.0125578798 0.0305452652 0.0596441595 0.997673223
1341845844.81165 -0.155152184 0.305523715 0.073170931 -0.0130210311 0.0266379515 0.0592736294 0.997801338
1341845844.84323 -0.162873426 0.322736095 0.0712981798 -0.0155036663 0.0227959481 0.0561322572 0.99804266
1341845844.88379 -0.156297563 0.319970184 0.0788386708 -0.0179366382 0.0182817743 0.0546810853 0.998175352
1341845844.89774 -0.162955814 0.323755773 0.0750247484 -0.0175945532 0.0151204897 0.0547017201 0.998233201
1341845844.94744 -0.16266247 0.325230808 0.0757410512 -0.0179584384 0.009280925 0.0536781996 0.99835365
1341845844.9778 -0.161565223 0.335919084 0.0731275645 -0.0179034784 0.00696765672 0.0476664951 0.998678538
1341845845.00968 -0.162080088 0.331106761 0.0776331292 -0.0205074213 0.00574222282 0.0452495252 0.998748694
1341845845.0457 -0.164196038 0.340601141 0.0755078185 -0.0181881303 0.000891395893 0.0425994776 0.998926264
1341845845.07776 -0.150271258 0.354736578 0.0755580857 -0.0173517175 -0.00312788931 0.037350091 0.999146688
1341845845.10969 -0.153137248 0.358258102 0.0746527936 -0.0192339785 -0.000934717733 0.0341042738 0.999232745
1341845845.14565 -0.150605742 0.353706299 0.0774525156 -0.0210977122 -0.00178682214 0.0342708693 0.999188271
1341845845.17773 -0.142108388 0.362025443 0.0753205981 -0.0192955396 -0.00287707176 0.0343926899 0.999217968
1341845845.21381 -0.142479611 0.374150881 0.0740136305 -0.0193264352 0.00052903615 0.0328976739 0.999271711
1341845845.24576 -0.142808785 0.373637398 0.077757402 -0.0221329507 0.00232527073 0.033599672 0.999187564
1341845845.27791 -0.142057647 0.370557641 0.0761810695 -0.0218875176 0.00269916421 0.0340448416 0.999176961
1341845845.31417 -0.146153714 0.386072234 0.0717712153 -0.019393978 0.00331914889 0.0332150464 0.999254531
1341845845.34576 -0.142346534 0.391254612 0.0757895554 -0.0212089456 0.00302444794 0.0325277058 0.999241203
1341845845.38172 -0.14551278 0.39556405 0.0762514646 -0.0221728762 0.00279096003 0.0324083107 0.999224837
1341845845.41367 -0.145896851 0.399141718 0.0805665988 -0.0232355249 0.00127131552 0.0328039122 0.999190871
1341845845.44578 -0.145029118 0.409720926 0.0770932383 -0.0223054223 -0.00126044096 0.0322115524 0.999231352
1341845845.48183 -0.144208572 0.419790736 0.0756731476 -0.0256315181 -0.00153027441 0.0268420712 0.999309855
1341845845.51434 -0.14388645 0.416814744 0.079433322 -0.0286273843 -0.00272339197 0.0256756282 0.999256633
1341845845.54573 -0.148952939 0.431523718 0.0775174793 -0.027171509 -0.00414247183 0.025799686 0.99928921
1341845845.58167 -0.143971642 0.438046775 0.0755905536 -0.0292226214 -0.0070320626 0.0253897243 0.999225675
1341845845.61397 -0.138706664 0.447129908 0.072436437 -0.0322942076 -0.00653091875 0.0222597884 0.999209154
1341845845.64971 -0.153965067 0.454027396 0.0773834755 -0.0348446966 -0.00389552622 0.0220850964 0.999141091
1341845845.68205 -0.154585768 0.460399888 0.0798481886 -0.0327414629 -0.00708119292 0.0242881922 0.999143602
1341845845.71424 -0.145169984 0.471642289 0.0729264214 -0.0333839564 -0.008686484 0.0225220077 0.999151047
1341845845.75239 -0.150236884 0.481087745 0.0760568483 -0.0377797138 -0.00665394285 0.0197836871 0.999068078
1341845845.78775 -0.149492235 0.473551908 0.0804852417 -0.0412680303 -0.00650137186 0.0181362411 0.998962341
1341845845.82063 -0.153833283 0.483083082 0.0788968051 -0.0399253818 -0.00643307694 0.0190366872 0.999000593
1341845845.88769 -0.142338179 0.492995068 0.0791260936 -0.0426124651 -0.00730201644 0.0161445943 0.998934538
1341845845.9027 -0.143617308 0.494436811 0.080506831 -0.0435673073 -0.0060027564 0.0180754238 0.998868928
1341845845.94991 -0.143148593 0.506409402 0.081743581 -0.0412583986 -0.00446611546 0.0177765813 0.998980376
1341845845.98186 -0.145841031 0.514241 0.0783322445 -0.0421110378 -0.00175045652 0.0173800812 0.998960224
1341845846.01786 -0.144147905 0.515568541 0.0830055884 -0.0437189808 -0.00132359245 0.0180069025 0.998880699
1341845846.04979 -0.145868627 0.519881967 0.0828493901 -0.041968411 -0.000158272538 0.0186570842 0.998944714
1341845846.08171 -0.149556668 0.528549321 0.080798467 -0.0414590246 1.01428222e-05 0.01844399 0.998969954
1341845846.11777 -0.146602371 0.533656797 0.0811066028 -0.0430922588 -0.0014446631 0.0175455912 0.998915974
1341845846.14974 -0.14913812 0.541294547 0.0822857586 -0.0424701239 -0.00188420354 0.0192339579 0.998910803
1341845846.18558 -0.147771799 0.546056382 0.0810136067 -0.0441805385 -0.00355112312 0.0213607245 0.998788861
1341845846.21767 -0.146489675 0.558472135 0.0785909092 -0.044158843 -0.0035367306 0.0215370528 0.998786085
1341845846.24968 -0.147990108 0.561442443 0.0773943865 -0.0483856882 -0.00305500665 0.0240823466 0.998533691
1341845846.2857 -0.146294698 0.564870045 0.0795659104 -0.0504033721 -0.00409446906 0.0249133062 0.998409767
1341845846.31874 -0.146721616 0.578683569 0.0754692336 -0.0511689219 -0.00272272958 0.0238925875 0.998400457
1341845846.34976 -0.149439661 0.581262889 0.0768725823 -0.0547408807 -0.0014588541 0.0254894445 0.998174131
1341845846.38583 -0.145664261 0.587509746 0.0760643827 -0.0559181439 -0.00277957069 0.0270583939 0.998064767
1341845846.41781 -0.144221573 0.600130136 0.0722806775 -0.057078785 -0.00116910374 0.0265007684 0.998017212
1341845846.45377 -0.151271609 0.607794532 0.0714263927 -0.0591159958 0.000449345053 0.0301911158 0.997794364
1341845846.48592 -0.147820107 0.613661741 0.0706890906 -0.0607631173 -0.00121795503 0.0308377281 0.997674995
1341845846.51783 -0.143581047 0.623342998 0.0685878431 -0.0614258908 0.000858469782 0.0290335475 0.997688917
1341845846.55388 -0.14760218 0.622992617 0.0684016763 -0.0670571156 0.00258815199 0.0295863726 0.99730702
1341845846.58582 -0.141243059 0.623732654 0.0700577873 -0.0680837566 0.000618458768 0.0300083455 0.997228017
1341845846.62196 -0.141653136 0.630977158 0.06402138 -0.0684539833 0.00243924892 0.0280591662 0.99725663
1341845846.65374 -0.143038818 0.628325888 0.0647417676 -0.0716682211 0.00259127083 0.0280721388 0.997030043
1341845846.68706 -0.136839876 0.628801028 0.0661197256 -0.0716170307 0.00212626381 0.0259430386 0.997092493
1341845846.72195 -0.13985766 0.626602361 0.0633579616 -0.0720390965 0.00463772586 0.0246061515 0.997087457
1341845846.75569 -0.139621332 0.619701263 0.0620069213 -0.0729115509 0.00417267537 0.025163016 0.997012195
1341845846.786 -0.140367223 0.614659546 0.0629058557 -0.0717579115 0.00465204666 0.0248031159 0.997102786
1341845846.82177 -0.141410457 0.610993034 0.0612145869 -0.0706499696 0.00671223276 0.0225535651 0.997223578
1341845846.85378 -0.144393898 0.598808233 0.0600048935 -0.0705962089 0.00735968658 0.0229665785 0.997213391
1341845846.88973 -0.148064185 0.585396445 0.063288432 -0.0664867151 0.00675694191 0.0235617504 0.997486193
1341845846.92176 -0.145543041 0.582427994 0.0633100781 -0.062440631 0.00659615976 0.021746707 0.997789927
1341845846.95378 -0.14705403 0.57158065 0.0635772239 -0.0615022388 0.00718451224 0.0219939552 0.997838726
1341845846.98963 -0.147851645 0.556669176 0.0650375315 -0.0582842961 0.00555795206 0.0235649966 0.998006383
1341845847.02182 -0.148417411 0.54958105 0.0648193679 -0.0536943163 0.00472739666 0.0222271416 0.998298816
1341845847.05368 -0.151627352 0.545920605 0.0640961107 -0.052258003 0.00484838522 0.0209147281 0.998402809
1341845847.08969 -0.155255474 0.522583332 0.0638848251 -0.0542795155 0.00244861951 0.0203158046 0.998316085
1341845847.12184 -0.14824649 0.521315256 0.0676323747 -0.0463952873 -0.000526160145 0.0182875639 0.998755608
1341845847.15775 -0.141741143 0.507258151 0.0669618455 -0.0450671032 -0.000668602537 0.0188585125 0.99880572
1341845847.18962 -0.14440385 0.496156936 0.0662709547 -0.0420581167 0.00091443947 0.0192597122 0.998929098
1341845847.2218 -0.136636442 0.489005338 0.0695759499 -0.038521082 0.00153422588 0.0206615918 0.999042978
1341845847.25773 -0.140191344 0.474766826 0.0639880974 -0.0373036236 0.00437510432 0.0220032372 0.999052129
1341845847.28994 -0.139932696 0.464118472 0.062655428 -0.0357465712 0.0038835264 0.0231905204 0.999084231
1341845847.32179 -0.137548901 0.457678896 0.0621716715 -0.0327782882 0.00468811863 0.0210099702 0.999230797
1341845847.35792 -0.13753887 0.445829727 0.0596110711 -0.0317831691 0.00612336505 0.019969814 0.999276509
1341845847.39018 -0.131958411 0.438883772 0.0591240323 -0.0299237013 0.0050358954 0.0188882905 0.999361018
1341845847.42582 -0.129775339 0.428389901 0.0556752959 -0.030270784 0.00652288665 0.0167771129 0.999379638
1341845847.47514 -0.125717593 0.413537403 0.0580118031 -0.0303471505 0.00683413007 0.0181630407 0.999351014
1341845847.48995 -0.126783283 0.404109874 0.0540059404 -0.0301710518 0.00584410828 0.0186606479 0.999353458
1341845847.52581 -0.127147864 0.395283547 0.050108246 -0.0308605856 0.00417070723 0.0174750208 0.999362223
1341845847.55776 -0.128341628 0.394211924 0.0433246045 -0.0335888804 0.00253823447 0.0117697248 0.999363206
1341845847.59405 -0.130781712 0.376969772 0.0460551573 -0.0377748787 0.0014853276 0.00933037201 0.999241611
1341845847.62569 -0.1239772 0.359964985 0.0419582112 -0.0358559007 0.000183596043 0.0109424107 0.999297045
1341845847.65769 -0.123367928 0.349982428 0.0381417216 -0.0344534154 -3.04248201e-05 0.0134224193 0.999316166
1341845847.69376 -0.121063631 0.343651129 0.0334835707 -0.0338000323 -1.54021276e-05 0.0140446513 0.999329928
1341845847.72569 -0.121390411 0.333308823 0.030369986 -0.0344654304 0.00143578916 0.0135440562 0.99931308
1341845847.7578 -0.124385501 0.320199327 0.0285458501 -0.0339050291 0.00204507419 0.0162440739 0.999290947
1341845847.79425 -0.122551961 0.320316257 0.0250609194 -0.0316721584 -0.000472083129 0.0186335258 0.999324493
1341845847.82571 -0.122145669 0.308378575 0.0237256844 -0.0337289762 -0.000922734314 0.0177268676 0.999273367
1341845847.86194 -0.127459391 0.301401508 0.0211659674 -0.0337974725 -0.00084780452 0.0184518311 0.999257996
1341845847.89372 -0.128853785 0.288659622 0.020390839 -0.0350255212 -0.00353650228 0.0225370399 0.999126012
1341845847.9259 -0.122724847 0.289564947 0.0189964971 -0.0311239878 -0.00655148055 0.0233078346 0.999222258
1341845847.96195 -0.122020813 0.284490237 0.0166431062 -0.0318758077 -0.00568396628 0.0229594324 0.999211934
1341845847.9937 -0.123987751 0.272768415 0.0180211284 -0.0320697145 -0.00668030358 0.0256521315 0.999134063
1341845848.02562 -0.122645387 0.270827538 0.0157671253 -0.0310642118 -0.00778344508 0.026018778 0.999148365
1341845848.06173 -0.121776374 0.26291022 0.0148522977 -0.0305485739 -0.00784889649 0.0269229239 0.999139798
1341845848.09374 -0.124929662 0.259415091 0.011533507 -0.0308581426 -0.00886169888 0.0276073794 0.999103137
1341845848.13264 -0.125113983 0.251445816 0.0116484365 -0.0316208708 -0.0114835326 0.0265660344 0.999080825
1341845848.16772 -0.1201733 0.248711477 0.00959052144 -0.0308872931 -0.0119855119 0.0231507919 0.999182848
1341845848.20052 -0.123725395 0.236877577 0.00661323722 -0.0326138049 -0.0108887944 0.0228490043 0.999147485
1341845848.23227 -0.123358764 0.229952228 0.00658672005 -0.0331747454 -0.0131587258 0.0241477457 0.999071154
1341845848.26788 -0.120976735 0.225773044 0.00459844007 -0.0316741358 -0.0134135456 0.0237265104 0.999126558
1341845848.30115 -0.121400474 0.226878217 5.35958186e-07 -0.0317627349 -0.0126540447 0.0234537652 0.999140093
1341845848.33574 -0.122194614 0.21820504 -0.0013995522 -0.0365795534 -0.014580165 0.0257468787 0.998892613
1341845848.36805 -0.118454259 0.206769302 -0.00265719527 -0.0385008943 -0.0165257623 0.0233034197 0.998850104
1341845848.39967 -0.120730723 0.202615985 -0.00401409249 -0.0389910286 -0.0167983738 0.0230831994 0.998831658
1341845848.43582 -0.124089233 0.195995804 -0.00788630254 -0.0402108801 -0.0205328773 0.0260440294 0.998640673
1341845848.46771 -0.118348141 0.19552897 -0.0135848016 -0.0401480963 -0.0214344879 0.022040954 0.998720626
1341845848.50376 -0.119127405 0.187501612 -0.0125930177 -0.0419297618 -0.0178308417 0.0213018551 0.998734293
1341845848.53604 -0.127134634 0.179542631 -0.0127965687 -0.0430029742 -0.0176401669 0.0239285941 0.998632561
1341845848.56796 -0.123117291 0.177264954 -0.0148700577 -0.0422789818 -0.01969753 0.0250028102 0.998598695
1341845848.60366 -0.120031706 0.175417705 -0.0167305408 -0.0424383223 -0.0193774972 0.0241702694 0.998618696
1341845848.63616 -0.125459171 0.167702432 -0.0171771732 -0.0436279769 -0.019238514 0.0247334703 0.998556325
1341845848.67182 -0.125170139 0.157142841 -0.0173381602 -0.0429974939 -0.0207132161 0.0253123388 0.998539666
1341845848.70369 -0.121163315 0.151114176 -0.0171609178 -0.0379799617 -0.0202274052 0.025859376 0.998739039
1341845848.73579 -0.121234264 0.144363996 -0.0180980766 -0.0350913147 -0.0190871762 0.0283431721 0.998799752
1341845848.77165 -0.122197878 0.14128359 -0.0191568685 -0.0329267825 -0.0190587491 0.031037404 0.998793908
1341845848.80379 -0.11922369 0.141703476 -0.0210884411 -0.0302041017 -0.0178276621 0.0313327228 0.998893461
1341845848.83976 -0.119771741 0.150371003 -0.0233315146 -0.0302331242 -0.0145454033 0.0289629256 0.999017286
1341845848.87183 -0.117947385 0.142515747 -0.0184501208 -0.0358231869 -0.012138052 0.0264627914 0.998933976
1341845848.90366 -0.110393962 0.120749051 -0.015888316 -0.0360834947 -0.00919020995 0.0258938789 0.998970985
1341845848.94062 -0.107169378 0.114149436 -0.00798989582 -0.0273468197 -0.00315328908 0.0321011043 0.999105464
1341845848.97328 -0.115990242 0.127119535 -0.00562389903 -0.0203221091 0.00142262749 0.0330474095 0.999246144
1341845849.00862 -0.111233963 0.12679797 -0.00112801309 -0.018819895 0.002959076 0.0310040557 0.999337683
1341845849.05829 -0.110342984 0.12784492 0.00529867168 -0.0170341251 0.00639649746 0.029179345 0.99940857
1341845849.07214 -0.11775307 0.128740685 0.0139875822 -0.0156432768 0.00822792623 0.0305090747 0.999378199
1341845849.0871 -0.10947391 0.134193153 0.0124534783 -0.0150781802 0.00753949952 0.0299493996 0.999409244
1341845849.1338 -0.0990214746 0.136268047 0.0225526502 -0.0165144215 0.0121286897 0.0251837784 0.999472834
1341845849.16592 -0.111306637 0.130645388 0.0319173533 -0.0173951186 0.0180221702 0.0252751678 0.999366688
1341845849.20166 -0.11468833 0.128154755 0.0416765152 -0.0155030761 0.0183518009 0.0276245337 0.999329651
1341845849.23365 -0.107256894 0.133249892 0.0420105614 -0.0140261012 0.0184895146 0.0271575294 0.999361734
1341845849.2657 -0.110489719 0.13871205 0.052204334 -0.0151039641 0.0213124399 0.0254151667 0.999335639
1341845849.30171 -0.117175091 0.137572002 0.0625586206 -0.0175169268 0.0217880385 0.0250731838 0.999294638
1341845849.33375 -0.11654506 0.137790584 0.0703393832 -0.0182262486 0.0198215663 0.0249309545 0.999326452
1341845849.36973 -0.116203981 0.140935956 0.0772073989 -0.0190893117 0.0193102631 0.0239959146 0.999343238
1341845849.40182 -0.116773997 0.134749982 0.0888940415 -0.0199916586 0.0183779922 0.0244010009 0.999333365
1341845849.4337 -0.115312265 0.140291651 0.0980008163 -0.0178697353 0.0185376726 0.0236775791 0.999388012
1341845849.46965 -0.120961696 0.140686616 0.105582273 -0.018954609 0.0194880511 0.0234999984 0.999354136
1341845849.50166 -0.117064569 0.138047739 0.114078638 -0.0198227955 0.0178889644 0.024306383 0.999347908
1341845849.5337 -0.116445438 0.138959574 0.12368008 -0.0193685244 0.0188421056 0.0236956216 0.999353968
1341845849.56979 -0.119541624 0.14516084 0.13171331 -0.0200834475 0.0195945305 0.0225460292 0.999351983
1341845849.60177 -0.116836382 0.139003929 0.143832066 -0.0227172256 0.0196379914 0.0224668365 0.999296512
1341845849.63784 -0.115351966 0.1387109 0.155777137 -0.0214449809 0.0218884602 0.0222681662 0.999282311
1341845849.66972 -0.118530043 0.141119202 0.164463366 -0.0207742622 0.0239513377 0.0223326034 0.999247726
1341845849.70194 -0.117559749 0.142415331 0.17408238 -0.0211145217 0.0256839265 0.0213206887 0.999219666
1341845849.73781 -0.11636652 0.141012711 0.185134145 -0.0215160218 0.028329848 0.020808384 0.999150385
1341845849.76971 -0.125936711 0.141534683 0.194601279 -0.0215947558 0.0305236447 0.0215379995 0.99906861
1341845849.80588 -0.125750115 0.140996879 0.20519619 -0.0217629655 0.0283180714 0.0223306209 0.999112508
1341845849.83866 -0.120160042 0.145569757 0.213264334 -0.0214615192 0.0272685531 0.0204612583 0.999188254
1341845849.87437 -0.12339558 0.147476632 0.222250594 -0.0238232183 0.0294531477 0.0173537652 0.999131529
1341845849.90578 -0.125431039 0.1415335 0.233811615 -0.0257102843 0.0290081797 0.0183929509 0.999079179
1341845849.94239 -0.119782881 0.140260187 0.239392442 -0.0243075524 0.0289040685 0.018359406 0.999117926
1341845849.97014 -0.122183227 0.146506734 0.249405764 -0.0239432772 0.0324406921 0.0166032713 0.999048874
1341845850.00606 -0.127714711 0.143349319 0.257851465 -0.0254808091 0.0330693822 0.0156293117 0.99900594
1341845850.03805 -0.12574074 0.142684079 0.266138395 -0.025822013 0.0320086704 0.0135902629 0.999061546
1341845850.07461 -0.123267982 0.141055437 0.275109065 -0.0247741142 0.0321716605 0.013340686 0.999086209
1341845850.09082 -0.128910001 0.144989783 0.279939129 -0.024028789 0.0335813582 0.0121021477 0.999073795
1341845850.13773 -0.132722403 0.14657583 0.288612963 -0.0262261707 0.0317431691 0.0100613447 0.99910126
1341845850.17378 -0.132016617 0.143968413 0.296401307 -0.0280767211 0.0289087565 0.00809026375 0.999154907
1341845850.2059 -0.1307532 0.143406891 0.305171983 -0.0284756981 0.0275521561 0.00844058285 0.999179048
1341845850.24511 -0.134514356 0.144087689 0.311582024 -0.0288146506 0.026790842 0.00864922145 0.999188249
1341845850.27676 -0.133207132 0.14377108 0.319891523 -0.0296254641 0.0247200149 0.00799936047 0.99922333
1341845850.3122 -0.13353768 0.145875465 0.327608743 -0.0300718912 0.0237294607 0.00613252856 0.99924721
1341845850.34383 -0.132948064 0.14816732 0.335213088 -0.0320287704 0.0221053129 0.0050331565 0.999229794
1341845850.38016 -0.131000425 0.1414397 0.345639745 -0.0343169975 0.0216607365 0.00397642289 0.999168326
1341845850.41253 -0.128355937 0.140475661 0.35228594 -0.0332900261 0.0222668258 0.00452641824 0.999187407
1341845850.4474 -0.126577991 0.140526123 0.359100035 -0.0329831113 0.0234696507 0.00716545913 0.999154616
1341845850.51174 -0.121596758 0.139601412 0.371817913 -0.028752988 0.0257757742 0.0121662558 0.999180093
1341845850.52679 -0.125564848 0.140420699 0.3783765 -0.027798684 0.028167325 0.0130446144 0.999131459
1341845850.5739 -0.123304729 0.136659454 0.385612347 -0.0272242023 0.0282037961 0.0132361805 0.99914373
1341845850.6098 -0.124180457 0.138724697 0.389977629 -0.0252646618 0.0288382636 0.0132477484 0.999176936
1341845850.64175 -0.124529441 0.136909998 0.396169195 -0.0256096434 0.0280693768 0.0123338191 0.999201748
1341845850.67376 -0.119212532 0.135634925 0.402095347 -0.0239973207 0.0273114492 0.0106640488 0.999281988
1341845850.7098 -0.119834746 0.138542467 0.409082072 -0.0232231634 0.0291966009 0.0101158259 0.999252677
1341845850.74181 -0.125661613 0.135377575 0.41500398 -0.0228934022 0.0292271186 0.0111411389 0.999248489
1341845850.77775 -0.117714427 0.137046909 0.420825314 -0.0223429337 0.0269414086 0.0116259212 0.999319664
1341845850.79375 -0.118952948 0.136352717 0.426093403 -0.0217628321 0.0281671323 0.0111867933 0.999303681
1341845850.84192 -0.121830663 0.141744056 0.432465391 -0.0216004072 0.0278972193 0.010810914 0.999318914
1341845850.87777 -0.119171518 0.140478025 0.438867882 -0.0229453436 0.026827702 0.0104226412 0.999322347
1341845850.90979 -0.116023812 0.142771388 0.444455034 -0.0230390119 0.0272976471 0.0101820984 0.999309946
1341845850.94178 -0.11903257 0.144483716 0.451258434 -0.0241306103 0.0285620922 0.010875289 0.999241537
1341845850.97777 -0.120581261 0.142569737 0.458466098 -0.0246761386 0.0280049361 0.0129514293 0.999219231
1341845851.00984 -0.11767459 0.147380187 0.463739926 -0.0239999365 0.026763583 0.015062792 0.999240124
1341845851.04577 -0.115109703 0.148178779 0.47137842 -0.0254920926 0.0268861123 0.0168240195 0.999171778
1341845851.07791 -0.116067486 0.143523481 0.477037458 -0.0254174347 0.027673729 0.0188035468 0.999116883
1341845851.10999 -0.118559932 0.15135269 0.480980873 -0.0235845605 0.0276183458 0.0193847195 0.999152255
1341845851.14592 -0.115580869 0.155837386 0.486945372 -0.02590799 0.0255331937 0.0173462684 0.99918764
1341845851.17791 -0.111043981 0.153272423 0.493070961 -0.0282813346 0.025867086 0.0139842674 0.999167404
1341845851.20989 -0.120007052 0.159984632 0.497825179 -0.028634277 0.0278587598 0.0125630717 0.999122684
1341845851.25174 -0.120115159 0.15386883 0.505168739 -0.0321183634 0.024406698 0.0121207322 0.999112512
1341845851.26477 -0.108049203 0.151163941 0.507850612 -0.0313372003 0.0226156401 0.0112501601 0.999189645
1341845851.31412 -0.115172368 0.15492146 0.514173147 -0.0290052585 0.0264231328 0.0118852232 0.999159274
1341845851.34586 -0.120920157 0.151490066 0.520536909 -0.0288152105 0.0251549683 0.0151082551 0.999153968
1341845851.37772 -0.117106399 0.155655143 0.523906169 -0.025683147 0.0221407408 0.0173437297 0.999274416
1341845851.41386 -0.118313499 0.165676847 0.524834392 -0.0247458239 0.0220064818 0.0162732134 0.999319039
1341845851.4459 -0.124415435 0.161005029 0.531383954 -0.0288890714 0.0206462351 0.0151640102 0.999254326
1341845851.47817 -0.121039676 0.163625913 0.536246069 -0.0286854994 0.0166546841 0.0155132142 0.999329327
1341845851.51465 -0.114164494 0.168267024 0.537940173 -0.0298026893 0.0155997684 0.0161282984 0.99930392
1341845851.54682 -0.118064193 0.166977871 0.54104144 -0.0327726157 0.0171125161 0.0163209174 0.999183039
1341845851.58247 -0.117050522 0.16018615 0.546594383 -0.0344146912 0.0171958636 0.0197662687 0.999064175
1341845851.6173 -0.118198321 0.165769429 0.547608951 -0.0305191659 0.0187058226 0.0248820541 0.999049326
1341845851.63214 -0.121347262 0.171247378 0.551566541 -0.0315205062 0.0182848121 0.0277827034 0.998949571
1341845851.68209 -0.112643823 0.163643106 0.556894815 -0.0323374544 0.0155484158 0.0268839356 0.998994389
1341845851.71415 -0.116249267 0.168084487 0.558684072 -0.0300567171 0.0171687872 0.0270721753 0.999033995
1341845851.74593 -0.119861154 0.169117098 0.561428214 -0.0308296625 0.0155315908 0.0287732876 0.998989689
1341845851.78196 -0.109390405 0.167037884 0.5660559 -0.0318883695 0.0119503221 0.0272648347 0.999048022
1341845851.81386 -0.107357346 0.166969134 0.5677221 -0.0309074806 0.0134679603 0.0246232811 0.999128138
1341845851.84992 -0.113442386 0.165449594 0.568519276 -0.0313437186 0.0146684043 0.0229803242 0.999136784
1341845851.88184 -0.101223533 0.14986752 0.571540637 -0.0314790047 0.0118226723 0.0220607633 0.999190982
1341845851.91374 -0.100070817 0.169272693 0.568075184 -0.0241346015 0.0146208248 0.018726217 0.999426376
1341845851.94991 -0.103786662 0.162275951 0.570456863 -0.027237828 0.0164860962 0.0155968239 0.999371327
1341845851.98233 -0.0966984498 0.158303393 0.568777106 -0.0252489029 0.0163388145 0.0130891887 0.99946196
1341845852.01793 -0.0969635905 0.163018583 0.56540716 -0.0235066229 0.0190199086 0.0125083937 0.999464468
1341845852.05004 -0.0911893067 0.162923267 0.563480352 -0.0242313003 0.0202237789 0.0108061414 0.99944338
1341845852.08205 -0.0904558943 0.157787813 0.560831838 -0.0251717666 0.02394746 0.00938972622 0.999352157
1341845852.12165 -0.0877834005 0.163072015 0.557216094 -0.0232670074 0.0264439794 0.0103448802 0.999325946
1341845852.16386 -0.0864472865 0.158292544 0.554229746 -0.0250614465 0.0299540981 0.0106971024 0.999179788
1341845852.19266 -0.08902595 0.159819495 0.5507689 -0.0235157928 0.0329562945 0.0125547952 0.99910123
1341845852.22399 -0.0901707243 0.157633147 0.547286195 -0.02420251 0.0332463581 0.0140551898 0.999055239
1341845852.27268 -0.0900402153 0.155113279 0.543598798 -0.0224434624 0.032878112 0.0143456241 0.999104361
1341845852.28721 -0.0956950487 0.161457409 0.538883969 -0.0219585103 0.0335643944 0.0145715078 0.999089048
1341845852.30281 -0.0972479166 0.157105032 0.533526006 -0.0242792949 0.0311049969 0.0150894508 0.999107253
1341845852.35021 -0.0933364108 0.155236496 0.530128735 -0.0249281568 0.0297681247 0.01748591 0.999092933
1341845852.38566 -0.102622257 0.154729288 0.524235821 -0.0245160603 0.0297536747 0.0197392706 0.999061581
1341845852.41774 -0.0970520882 0.15858659 0.518003206 -0.0254434606 0.0254259228 0.0201687004 0.999149326
1341845852.44975 -0.0964034059 0.151930642 0.512818319 -0.0275084902 0.0255509671 0.0187486795 0.999119071
1341845852.48589 -0.103463121 0.156349441 0.503794192 -0.027240188 0.0251791879 0.016969929 0.999167655
1341845852.51816 -0.102619166 0.152377655 0.497273717 -0.030643362 0.0224782438 0.0157590248 0.999153325
1341845852.55423 -0.104608121 0.149199936 0.493877022 -0.029268104 0.0211096823 0.0181756009 0.99918337
1341845852.57016 -0.109505154 0.155962268 0.484666869 -0.0280301919 0.0203246539 0.0196867012 0.99920651
1341845852.6179 -0.111433817 0.151778644 0.477360611 -0.0300715324 0.0180279958 0.0197024903 0.999190926
1341845852.65386 -0.10955544 0.155206514 0.468166786 -0.0294268307 0.016809924 0.0185041299 0.999254265
1341845852.68594 -0.115211384 0.154316065 0.461602716 -0.030635619 0.0179680328 0.0180448903 0.99920618
1341845852.71783 -0.120709912 0.153204516 0.453647517 -0.0309293632 0.016807142 0.020937784 0.9991609
1341845852.75399 -0.112844886 0.157489346 0.444691606 -0.0297248058 0.0154961009 0.0229311591 0.999174894
1341845852.78588 -0.118688658 0.1588165 0.435634849 -0.0313809041 0.0190658451 0.0232283505 0.999055642
1341845852.82283 -0.124010973 0.153072963 0.428060406 -0.0321979589 0.0189418172 0.0249046655 0.99899162
1341845852.83831 -0.117776599 0.159168034 0.419030014 -0.0315079553 0.0175574666 0.0245782225 0.999046993
1341845852.88593 -0.122697149 0.156082993 0.411985056 -0.0323030178 0.0209264826 0.0238502935 0.998974354
1341845852.92159 -0.126172831 0.158446729 0.403968844 -0.0314997895 0.0213525753 0.02401873 0.998986953
1341845852.95401 -0.122220658 0.152542883 0.398316556 -0.0310018684 0.0222209546 0.0229243387 0.999009303
1341845852.98973 -0.131885661 0.162198867 0.388149243 -0.0272297043 0.0254599661 0.0218171393 0.999066737
1341845853.02172 -0.138846404 0.163274402 0.379426123 -0.0312375938 0.0231162744 0.0191000382 0.99906208
1341845853.05376 -0.136033413 0.15783599 0.374276773 -0.0315275053 0.0207481381 0.0188416484 0.999109866
1341845853.08982 -0.140103298 0.169817073 0.364759655 -0.0300548298 0.0208002616 0.0181373753 0.999167199
1341845853.12189 -0.141714433 0.162602067 0.360113678 -0.0338680686 0.019469971 0.016950519 0.999092866
1341845853.15971 -0.141647275 0.158061601 0.352201161 -0.0323603283 0.0192926379 0.0183454748 0.999121638
1341845853.19583 -0.145972431 0.161731486 0.343355815 -0.0301073602 0.0196020627 0.0193279817 0.999167521
1341845853.22774 -0.144884063 0.163918659 0.334649244 -0.0307292403 0.0182738095 0.0189099851 0.999181762
1341845853.26371 -0.144734921 0.155849053 0.326810477 -0.0306719788 0.0191635061 0.0179788469 0.999184043
1341845853.2965 -0.151235041 0.157433728 0.31857676 -0.0279823828 0.0210284742 0.0180699258 0.999223832
1341845853.32776 -0.157166919 0.159196863 0.309464532 -0.0268666953 0.0198532077 0.018558086 0.999269547
1341845853.3639 -0.149697718 0.155127465 0.302954747 -0.0265135821 0.0178629867 0.0189249614 0.999309656
1341845853.39573 -0.152529766 0.159307428 0.291041824 -0.0240640444 0.0204906311 0.0181106918 0.999336309
1341845853.4638 -0.161668907 0.155124072 0.273268343 -0.024759384 0.0193782077 0.017635958 0.999350004
1341845853.47681 -0.159774722 0.16142589 0.263695681 -0.0237182401 0.0196965341 0.0162009301 0.999393327
1341845853.52581 -0.171696085 0.159622543 0.255857979 -0.0259420911 0.0205634148 0.0148819386 0.999341124
1341845853.55778 -0.169836224 0.155819474 0.246501634 -0.0257193226 0.0179686144 0.0160221514 0.999379275
1341845853.58972 -0.170164489 0.158686186 0.237180184 -0.0247778607 0.0178402779 0.0162564144 0.999401576
1341845853.62592 -0.176104416 0.160337275 0.227391722 -0.0248639263 0.0179097396 0.016696216 0.999390946
1341845853.65816 -0.175665195 0.158988089 0.219442628 -0.025233124 0.016459977 0.0171521343 0.999398901
1341845853.68998 -0.175601436 0.158993479 0.210105432 -0.0232579544 0.0172451865 0.0181797918 0.999415412
1341845853.72581 -0.178956137 0.163603613 0.200360803 -0.0220424982 0.0186095446 0.0191012224 0.999401299
1341845853.75844 -0.182217475 0.159959494 0.192334028 -0.0223020984 0.0192207153 0.0208163406 0.999349719
1341845853.79404 -0.182486472 0.16049057 0.183557738 -0.0200963643 0.0191860822 0.0228690597 0.999352308
1341845853.82579 -0.186272007 0.165064446 0.174340447 -0.0196909117 0.0196828235 0.0218212134 0.999374149
1341845853.85771 -0.191902147 0.162095205 0.167436944 -0.0204479222 0.0193237965 0.021247772 0.99937831
1341845853.89381 -0.193912291 0.162381501 0.158056938 -0.0193488589 0.017310157 0.0200638964 0.999461565
1341845853.92585 -0.191595178 0.171490037 0.149208496 -0.0199487257 0.0161808429 0.0153200479 0.999552662
1341845853.95774 -0.194938211 0.165032277 0.145223972 -0.0229616058 0.0180236793 0.0118718427 0.999503362
1341845853.99386 -0.200972759 0.162165706 0.140959315 -0.0209826826 0.0184432284 0.0150893474 0.999495816
1341845854.02584 -0.199865348 0.16887821 0.133098373 -0.0185660718 0.0167713562 0.0161659662 0.999556244
1341845854.06192 -0.19638547 0.177135156 0.123543117 -0.0207134219 0.0176888078 0.0120361901 0.999556497
1341845854.09379 -0.206336699 0.166972046 0.122608596 -0.0231609554 0.0197141841 0.00998537786 0.999487475
1341845854.12574 -0.21303302 0.170102847 0.113311658 -0.0208469379 0.0172781825 0.0108380882 0.999574612
1341845854.16184 -0.203644312 0.179995303 0.108824519 -0.0203765698 0.0134003927 0.0100426256 0.999652125
1341845854.19387 -0.20020248 0.184141758 0.100421497 -0.0229839527 0.0153523371 0.00821908184 0.999584159
1341845854.22993 -0.211765139 0.179091862 0.0976255594 -0.0251714533 0.0174172481 0.00984549945 0.999482918
1341845854.26171 -0.211438005 0.183020448 0.0903893146 -0.0246633624 0.0149084249 0.014209561 0.99948364
1341845854.29379 -0.2057617 0.186845313 0.0850869083 -0.0248076993 0.014517285 0.0171522221 0.999439657
1341845854.33026 -0.209142611 0.194176054 0.0786128493 -0.0253364491 0.0168713628 0.0167537485 0.999396184
1341845854.36169 -0.21399444 0.190110911 0.0740513341 -0.029181294 0.0173749366 0.0179205503 0.999262437
1341845854.39373 -0.213253138 0.184939832 0.071690262 -0.0293737325 0.0160775098 0.0203344953 0.999232308
1341845854.42977 -0.205739248 0.194949827 0.0630707905 -0.0275211405 0.0172949716 0.0195170314 0.99928102
1341845854.46208 -0.212671665 0.188995864 0.0631106548 -0.0302584223 0.0212009444 0.0194413197 0.999128111
1341845854.4978 -0.213090704 0.178460213 0.0622609387 -0.0283759059 0.0215135375 0.0233374647 0.999093258
1341845854.52973 -0.211599607 0.18718775 0.0553638335 -0.0247713838 0.0217189964 0.0238535289 0.999172494
1341845854.56192 -0.216119603 0.189185536 0.0526248657 -0.02638692 0.0235093779 0.0204477172 0.999166118
1341845854.59787 -0.221345946 0.183420926 0.0529248473 -0.0277537001 0.0229121668 0.0167116878 0.999212432
1341845854.63008 -0.217484204 0.18478323 0.0501443715 -0.0275835296 0.0203481767 0.0128589897 0.999329649
1341845854.66285 -0.216515829 0.18202895 0.0458772092 -0.028469555 0.0200819287 0.0120398957 0.99932039
1341845854.69782 -0.216790037 0.178737302 0.0450936492 -0.0275948958 0.0199622201 0.0130989385 0.999334003
1341845854.72982 -0.217694123 0.177114145 0.0408488719 -0.0251706223 0.019365501 0.0140681227 0.99939657
1341845854.7657 -0.214506617 0.1804043 0.0346466208 -0.023372277 0.0181396446 0.0120966243 0.99948905
1341845854.79801 -0.213334047 0.180711557 0.030179255 -0.0235865282 0.0191883915 0.00976517378 0.999489931
1341845854.82979 -0.219748692 0.176996823 0.0268555176 -0.024067197 0.0193167409 0.00956970263 0.999477891
1341845854.86568 -0.217079935 0.177932453 0.0192770245 -0.023331289 0.0169146391 0.00735208574 0.999557649
1341845854.89773 -0.210442158 0.18353834 0.00905648141 -0.023967659 0.0171985121 0.00396519567 0.999556922
1341845854.93031 -0.213763323 0.174863663 0.00838500499 -0.0266681243 0.0196391391 0.00514387732 0.99943817
1341845854.96581 -0.218942909 0.174096325 0.000710603515 -0.0259544213 0.0197418337 0.00746399354 0.999440302
1341845854.99764 -0.21284311 0.179621329 -0.00745139731 -0.0259424184 0.0186036244 0.00793303214 0.999458835
1341845855.03385 -0.214111676 0.178765172 -0.0108490012 -0.0271282139 0.021119325 0.00844208241 0.999373186
1341845855.06602 -0.226328716 0.176253957 -0.0180195165 -0.0269225257 0.0219915512 0.0118126271 0.999325778
1341845855.0978 -0.22733762 0.184711415 -0.0268629902 -0.0264146336 0.0176791312 0.0139939394 0.999396761
1341845855.13385 -0.222820533 0.18410189 -0.0291070385 -0.0283086684 0.0154875405 0.012519263 0.999400832
1341845855.16585 -0.228674804 0.181998609 -0.0340521157 -0.0297157361 0.0155121899 0.0118942417 0.999367237
1341845855.20215 -0.238856853 0.180816939 -0.0407446289 -0.0305364268 0.0123285224 0.0129173728 0.999374142
1341845855.23376 -0.230364226 0.183733589 -0.0432500831 -0.0309998213 0.00749432857 0.0117222371 0.999422551
1341845855.26583 -0.229016208 0.178638016 -0.0455471076 -0.031408089 0.00783558437 0.0110953009 0.999414343
1341845855.30173 -0.232154502 0.174408941 -0.0487889539 -0.0298001786 0.00793404239 0.0139552307 0.999426962
1341845855.33374 -0.234440304 0.174694197 -0.053756577 -0.027232605 0.00640434505 0.0186375043 0.999434847
1341845855.36578 -0.233186417 0.179965365 -0.0609425807 -0.0257512712 0.00445151714 0.0207596199 0.999442892
1341845855.40195 -0.233108987 0.177864434 -0.0610556492 -0.0260896389 0.00516218269 0.0215019059 0.999415004
1341845855.43366 -0.237708809 0.174183122 -0.0659737502 -0.0246869622 0.00546700435 0.0240477719 0.999391
1341845855.46983 -0.240437274 0.175351822 -0.0727411446 -0.0232910326 0.00335442727 0.0258537222 0.999388744
1341845855.50302 -0.237232866 0.175065832 -0.0778140869 -0.022901798 0.00131821718 0.0258711279 0.999402049
1341845855.53386 -0.237506367 0.176876257 -0.0819751287 -0.0220521896 0.00221927437 0.0221062863 0.999509924
1341845855.56999 -0.242721129 0.173894938 -0.0848787658 -0.0226021244 0.0030621471 0.020259773 0.999534546
1341845855.60172 -0.24537189 0.166142264 -0.0856324749 -0.0218278421 0.00128130923 0.0203726614 0.999553329
1341845855.63424 -0.242855358 0.170397008 -0.0920153129 -0.018809822 -0.000308257678 0.01841118 0.999653502
1341845855.66967 -0.247732892 0.176867868 -0.0956884117 -0.0191231983 0.000409501613 0.014541489 0.999711299
1341845855.70179 -0.252381864 0.168068562 -0.0940881726 -0.021815627 -0.00102081879 0.013702652 0.999667582
1341845855.73777 -0.249884943 0.164244598 -0.0961370558 -0.0201230285 -0.00344792372 0.0144596316 0.999686998
1341845855.76969 -0.25334651 0.170834988 -0.100092379 -0.0185401097 -0.00493794325 0.0153037055 0.999698793
1341845855.80216 -0.250624993 0.171609989 -0.102429019 -0.0195468355 -0.00714646671 0.0142176337 0.999682304
1341845855.83781 -0.251023996 0.165843734 -0.102461632 -0.0204361573 -0.00711115377 0.0124222415 0.999688693
1341845855.87011 -0.249273097 0.165948618 -0.107219642 -0.0189051759 -0.00713351321 0.0128569253 0.999713162
1341845855.90197 -0.249819657 0.166693396 -0.110655192 -0.0188893822 -0.00715099011 0.0141381674 0.999696037
1341845855.93772 -0.247909067 0.165213659 -0.114809093 -0.0185999656 -0.00724574511 0.0137663005 0.999705971
1341845855.96985 -0.245838467 0.165608318 -0.117327008 -0.0177769553 -0.00617087343 0.0136873958 0.999729241
1341845856.02192 -0.247361271 0.167146017 -0.123584564 -0.0176313827 -0.00514990034 0.0148542764 0.999720943
1341845856.03811 -0.245572714 0.162844038 -0.122863654 -0.0181153769 -0.00485535777 0.0176152654 0.999668926
1341845856.06982 -0.243245684 0.169574824 -0.131678661 -0.0162329667 -0.00431464995 0.0199610132 0.999659658
1341845856.10578 -0.246731468 0.178668859 -0.135583801 -0.0181782856 -0.00368508553 0.0213620519 0.999599736
1341845856.13774 -0.246284332 0.174213544 -0.136114848 -0.0212874273 -0.00468623828 0.0224837448 0.999509563
1341845856.16997 -0.243028903 0.181384033 -0.141476095 -0.0223791573 -0.00454948778 0.0218679072 0.99950001
1341845856.20584 -0.24574209 0.181528465 -0.142507049 -0.0261035625 -0.00275571144 0.0221729854 0.99940951
1341845856.23759 -0.246668319 0.174645351 -0.146200127 -0.0279322415 -0.00354131328 0.0246820738 0.999298776
1341845856.27369 -0.244493098 0.181894614 -0.150090891 -0.0275111155 -0.00370207959 0.0244180691 0.999316362
1341845856.30573 -0.243623862 0.182541959 -0.151488428 -0.0283259945 -0.00244906538 0.0252501165 0.999276774
1341845856.33766 -0.247143601 0.18106919 -0.153777777 -0.0292599434 -0.00184573092 0.026675605 0.999214122
1341845856.37372 -0.248767908 0.176027679 -0.156361656 -0.0287749444 -0.00286799478 0.0283400375 0.999179974
1341845856.40571 -0.248158612 0.18309536 -0.163162942 -0.0269993872 -0.00378962807 0.0279667744 0.999236975
1341845856.4418 -0.248178862 0.185304674 -0.164294428 -0.0280233391 -0.00378488611 0.0259401643 0.999263466
1341845856.47369 -0.250881341 0.179712472 -0.166019374 -0.0292945742 -0.00442155838 0.0249423399 0.999249797
1341845856.50577 -0.249620779 0.18257392 -0.168345559 -0.0285119625 -0.00614655678 0.0240314467 0.999285634
1341845856.54174 -0.246125957 0.188971939 -0.171218611 -0.0294681428 -0.0052820092 0.0221149664 0.999307089
1341845856.57368 -0.250868302 0.179464715 -0.168310318 -0.0316130072 -0.00360215875 0.0229596419 0.999229952
1341845856.60577 -0.251837998 0.18077565 -0.171342476 -0.0301185866 -0.00492688659 0.0255585532 0.999207364
1341845856.6418 -0.248572181 0.18122631 -0.171658599 -0.02900063 -0.00483100269 0.025575647 0.999240467
1341845856.67399 -0.248971326 0.188505456 -0.174729739 -0.0276283928 -0.00220939285 0.024971524 0.999303864
1341845856.70988 -0.256012734 0.185109222 -0.175386835 -0.0301899506 -0.00159910766 0.0259972434 0.99920476
1341845856.74174 -0.251464288 0.175345994 -0.172597095 -0.0289769702 -0.00419465525 0.0290265391 0.999149739
1341845856.77397 -0.248721411 0.191534709 -0.18160891 -0.0251575123 -0.00268916188 0.0268726563 0.999318632
1341845856.8098 -0.257069781 0.190329488 -0.18199648 -0.0292054593 -0.000681752367 0.0256078113 0.999245123
1341845856.84205 -0.255349133 0.1850561 -0.182678971 -0.0305137506 -0.00283521053 0.0254455167 0.999206384
1341845856.87377 -0.252009373 0.191110357 -0.186186626 -0.0304478524 -0.00285703377 0.024711807 0.999226747
1341845856.91594 -0.251850456 0.195023972 -0.18789441 -0.0323564551 -0.00194421526 0.0240670383 0.999184696
1341845856.92918 -0.25237931 0.192410022 -0.188234051 -0.0350116065 -0.0014023352 0.02381897 0.999102036
1341845856.97791 -0.251504513 0.189781091 -0.18775852 -0.0357707732 -0.00119814377 0.025959173 0.999022091
1341845857.00974 -0.250954035 0.188789749 -0.19044288 -0.0352734775 -0.00123263886 0.0290428104 0.998954843
1341845857.04174 -0.247241348 0.189188061 -0.192868698 -0.034073222 -0.00108309926 0.0309022868 0.998940885
1341845857.07791 -0.248514566 0.192317775 -0.197014493 -0.0330168879 0.00012265231 0.0311410022 0.998969523
1341845857.10965 -0.248761048 0.19585447 -0.203172277 -0.0337766906 -3.87576849e-05 0.0293608586 0.998998035
1341845857.14159 -0.244883626 0.193900879 -0.204308713 -0.0354081875 -0.00032672852 0.0270774835 0.999005988
1341845857.17827 -0.241730073 0.191735995 -0.209455733 -0.0353976031 0.0015144794 0.0234224597 0.999097645
1341845857.20985 -0.245758174 0.192509253 -0.213494677 -0.0363651221 0.00359968859 0.0216278049 0.999098022
1341845857.24577 -0.244958159 0.185497184 -0.21508679 -0.0375049724 0.00268015244 0.0215459566 0.999060541
1341845857.27774 -0.240745297 0.187459423 -0.218456408 -0.0357496215 0.00286472054 0.0199631807 0.99915726
1341845857.31026 -0.243792928 0.185848961 -0.223604133 -0.0349112325 0.00429877117 0.0197112296 0.999186766
1341845857.34587 -0.24445255 0.188343689 -0.228377143 -0.035115544 0.00439686946 0.0187600417 0.999197491
1341845857.37779 -0.244871407 0.180773832 -0.227199161 -0.0356192266 0.00439580636 0.0184421068 0.999185587
1341845857.41371 -0.245724583 0.187206283 -0.233662633 -0.0339287587 0.00407049014 0.0186045894 0.999242783
1341845857.44584 -0.247154288 0.189233367 -0.236345887 -0.0358146351 0.0030027158 0.0188954809 0.999175288
1341845857.47788 -0.24503827 0.180909653 -0.234505426 -0.0369216598 0.00182432747 0.0190271374 0.999135342
1341845857.51391 -0.242016128 0.188179268 -0.237230274 -0.0351950809 0.00240663188 0.0172897297 0.999227992
1341845857.54602 -0.244438183 0.181875776 -0.236902628 -0.0369552492 0.00327518854 0.0174483828 0.999159215
1341845857.56191 -0.239683252 0.180368639 -0.236743478 -0.0356997733 0.00308435394 0.0184852553 0.999186824
1341845857.61389 -0.234846958 0.178035152 -0.237550406 -0.0336383451 0.00470529439 0.01872708 0.999247526
1341845857.64607 -0.232018541 0.178016666 -0.240915896 -0.0319815388 0.00675705613 0.0206551885 0.999252164
1341845857.68184 -0.2286129 0.178010818 -0.242555366 -0.0310105543 0.0085303202 0.0221480542 0.999237231
1341845857.71397 -0.220483325 0.173129375 -0.246968959 -0.0292028761 0.0116052573 0.0210772342 0.999283874
1341845857.74583 -0.223734454 0.170172373 -0.248690745 -0.0271828958 0.0155109902 0.0224262968 0.999258505
1341845857.78181 -0.223596885 0.172837327 -0.254228474 -0.0256918671 0.0162099544 0.0226020484 0.999282899
1341845857.81384 -0.216308225 0.172188519 -0.256303425 -0.0264277131 0.0169852348 0.0215062647 0.999275016
1341845857.84606 -0.216787634 0.17115688 -0.261064921 -0.0262590193 0.0192535625 0.0216855063 0.999234458
1341845857.88199 -0.217373208 0.176246153 -0.270444437 -0.0270176341 0.0198041541 0.0213056883 0.999211645
1341845857.91367 -0.21730799 0.179180651 -0.271145445 -0.0311826701 0.0193724125 0.0188966608 0.99914727
1341845857.94985 -0.218429096 0.174820394 -0.275166362 -0.0347376743 0.0179921862 0.0176314086 0.99907893
1341845857.98218 -0.218896599 0.174667352 -0.278329754 -0.0368759482 0.0156137917 0.0177691223 0.999039855
1341845858.01427 -0.215018589 0.171893941 -0.279176309 -0.0388915087 0.0126708751 0.0191762654 0.998979064
1341845858.05067 -0.212695399 0.177116145 -0.283951006 -0.0387627628 0.0111801591 0.0198204072 0.998989291
1341845858.08179 -0.213001413 0.188525227 -0.291529751 -0.0408750375 0.010624096 0.0189606677 0.998927852
1341845858.11379 -0.213790277 0.183254094 -0.288638724 -0.0457776701 0.00897346988 0.0195272887 0.998720465
1341845858.14974 -0.210787167 0.186473465 -0.295092593 -0.0481484606 0.00753415811 0.0197019446 0.998617442
1341845858.18208 -0.210352473 0.180148908 -0.291270315 -0.0517147398 0.00682900119 0.021661065 0.9984036
1341845858.21774 -0.211726858 0.179956359 -0.294912905 -0.0519931963 0.00456761312 0.0234377439 0.998361917
1341845858.28186 -0.209467775 0.184520424 -0.298016808 -0.0545987698 0.0051047211 0.0178613924 0.998335558
1341845858.31777 -0.21316545 0.179526884 -0.301313864 -0.0548580762 0.00315996061 0.0188549988 0.998311121
1341845858.34991 -0.207574921 0.184190749 -0.305489216 -0.0539447168 0.00016380828 0.0179989627 0.99838168
1341845858.38189 -0.20097927 0.18561557 -0.305173037 -0.0541353394 0.000334360536 0.0160313178 0.998404853
1341845858.41785 -0.206425338 0.17880484 -0.304471964 -0.0543985568 0.00259284085 0.0159971135 0.998387784
1341845858.44992 -0.208448906 0.179858084 -0.307213343 -0.0522675343 0.00136628272 0.0163942797 0.998497604
1341845858.48585 -0.205364137 0.184138198 -0.3105275 -0.0518925323 0.000112748935 0.0146438543 0.998545297
1341845858.51769 -0.205242987 0.179490466 -0.310150535 -0.0525442372 -0.000214188937 0.0130426954 0.998533397
1341845858.54981 -0.206316146 0.178128594 -0.310416766 -0.0517391057 -0.000999865578 0.012310648 0.998584254
1341845858.58584 -0.205633828 0.17818252 -0.314081882 -0.0511781388 -0.00219457608 0.0120603722 0.998614305
1341845858.61839 -0.20174633 0.18579017 -0.318572676 -0.0513155121 -0.00184369034 0.00931443222 0.998637352
1341845858.6544 -0.204008834 0.178628099 -0.318667102 -0.0536282032 -0.000514467329 0.00981023175 0.998512649
1341845858.68576 -0.206944444 0.179294735 -0.319324742 -0.0533553688 -0.00161816319 0.0119259207 0.998503059
1341845858.7177 -0.201169093 0.182302411 -0.322691601 -0.0528996631 -0.00187332625 0.0111752468 0.998535543
1341845858.75368 -0.199763334 0.190404089 -0.327109777 -0.0536638918 0.000641370261 0.00900763945 0.998518221
1341845858.78565 -0.204894951 0.183652064 -0.324366789 -0.0576025906 0.00206741915 0.0103137625 0.998284175
1341845858.81776 -0.20172425 0.175590224 -0.323315692 -0.0574401068 0.000718954676 0.0120944506 0.998275434
1341845858.85387 -0.198016402 0.183521196 -0.330098586 -0.0550159035 0.00133327411 0.0114193195 0.998419287
1341845858.88572 -0.199350242 0.183077783 -0.331862166 -0.0571709833 0.00293992328 0.00890713276 0.998320339
1341845858.92201 -0.200304249 0.176096106 -0.330665345 -0.0587972254 0.00297365977 0.00824336142 0.998231481
1341845858.95437 -0.197284052 0.176484048 -0.330929431 -0.0572459311 0.00284364521 0.0071378175 0.998330541
1341845858.98596 -0.193582676 0.180791029 -0.339376659 -0.0567983077 0.00439546254 0.00652421531 0.99835468
1341845859.02185 -0.196488822 0.185610817 -0.343241171 -0.0595350397 0.00586913102 0.00532271385 0.998194771
1341845859.05373 -0.196934492 0.181220826 -0.340680057 -0.0621260766 0.00615700738 0.00402386437 0.998041207
1341845859.08587 -0.193003073 0.178089576 -0.344707981 -0.0631001459 0.0064540334 0.00487442059 0.997974427
1341845859.12189 -0.192477548 0.184837826 -0.347778795 -0.0642588109 0.00745303149 0.00439325493 0.997895765
1341845859.1541 -0.190561545 0.178277867 -0.347865141 -0.0670283811 0.00819570042 0.00349251172 0.997711295
1341845859.18986 -0.192551337 0.177049863 -0.347607255 -0.0667897594 0.00882693779 0.00348766619 0.99772193
1341845859.22166 -0.189933003 0.18227971 -0.350057488 -0.0664971989 0.00939724154 0.00140422926 0.997741371
1341845859.2537 -0.186536191 0.183926231 -0.353322209 -0.0678079543 0.0105737892 -0.00221808303 0.997639893
1341845859.28976 -0.187803614 0.180003172 -0.355273268 -0.0703485611 0.0120830994 -0.00522881677 0.997435581
1341845859.32192 -0.187732641 0.173749625 -0.352417708 -0.0716066855 0.0124323528 -0.00678491162 0.997332384
1341845859.35377 -0.18116862 0.173375822 -0.353997469 -0.0710058433 0.0130550187 -0.00793550728 0.997358894
1341845859.38997 -0.17989677 0.171001817 -0.355678246 -0.0709213253 0.0150087885 -0.00772983069 0.997339035
1341845859.42174 -0.178517808 0.171269792 -0.359132653 -0.070362275 0.0166720905 -0.00999161148 0.997332121
1341845859.45782 -0.179493721 0.168578226 -0.360778812 -0.0709825668 0.0193589474 -0.0116627401 0.997221483
1341845859.48987 -0.179993935 0.170185757 -0.362408414 -0.0709476483 0.0208945525 -0.0119530936 0.997189537
1341845859.52176 -0.17994645 0.163756688 -0.36091988 -0.0714961135 0.0221786856 -0.0122001659 0.997119636
1341845859.55772 -0.177528663 0.163070098 -0.364363199 -0.0693524968 0.0234304475 -0.0125362225 0.997238231
1341845859.58979 -0.174756408 0.161760722 -0.368850106 -0.0700124636 0.0250526214 -0.0135669986 0.997139187
1341845859.62565 -0.173656132 0.157965661 -0.366302922 -0.070095998 0.027198796 -0.0145158871 0.997063722
1341845859.65778 -0.168675443 0.160991508 -0.370221768 -0.0687333935 0.0302290376 -0.0145654006 0.997070597
1341845859.6899 -0.170268657 0.159242114 -0.370347986 -0.0689542816 0.0328030475 -0.0117617358 0.997010997
1341845859.72582 -0.173454143 0.151298845 -0.367530769 -0.067069365 0.0335822555 -0.00887229444 0.997143528
1341845859.75784 -0.163737406 0.155765028 -0.373181846 -0.0639718623 0.0345317203 -0.00920670807 0.997311585
1341845859.79045 -0.166834351 0.152037353 -0.372157393 -0.0630476244 0.037161155 -0.00894954545 0.997278272
1341845859.82586 -0.167858397 0.147526999 -0.369934787 -0.0602389064 0.036792192 -0.00733822993 0.997478701
1341845859.85765 -0.165215914 0.150615321 -0.37502035 -0.0564304675 0.0364552729 -0.00628679998 0.997720949
1341845859.89365 -0.161828498 0.157482721 -0.377188593 -0.0551941171 0.0372753308 -0.00648727309 0.997758525
1341845859.92574 -0.165892734 0.158033868 -0.376599862 -0.0557343907 0.0380493607 -0.00831182316 0.997685741
1341845859.95779 -0.169132995 0.152202483 -0.371963761 -0.0557354402 0.0370098236 -0.00966147021 0.997712629
1341845859.99389 -0.169980426 0.149337944 -0.370256312 -0.0527613439 0.0351106597 -0.0111819902 0.997927074
1341845860.02579 -0.169407821 0.155048341 -0.374591663 -0.0508326786 0.033891768 -0.0119688533 0.998060185
1341845860.05775 -0.175899175 0.150611263 -0.374197849 -0.0504387418 0.0305840952 -0.0126547365 0.998178543
1341845860.09381 -0.171510363 0.15125169 -0.37195447 -0.0492123101 0.0260355849 -0.0141092034 0.998349251
1341845860.12578 -0.170971544 0.148023125 -0.372418839 -0.0474508333 0.0239540451 -0.0146810725 0.998478386
1341845860.16172 -0.17837408 0.153448076 -0.372612815 -0.0456180451 0.0217845967 -0.0155298326 0.998600646
1341845860.19374 -0.180333028 0.147482489 -0.372260739 -0.0450129582 0.016839076 -0.0171591491 0.998697073
1341845860.22574 -0.173775108 0.14499526 -0.373822962 -0.0421255946 0.0127575612 -0.0204951699 0.998820618
1341845860.26173 -0.175700897 0.146743504 -0.376253751 -0.040155026 0.0104444604 -0.0235386184 0.998861562
1341845860.29456 -0.182226573 0.140788988 -0.371414314 -0.0386393591 0.00622724429 -0.0253059105 0.998913326
1341845860.3259 -0.175886968 0.140839408 -0.374303773 -0.0343585994 0.000665434173 -0.0260394566 0.999070063
1341845860.36168 -0.173437416 0.143506593 -0.37427322 -0.0329442698 -0.00188786686 -0.027264436 0.999083461
1341845860.39372 -0.176175736 0.139975482 -0.375605502 -0.0305400664 -0.00462865651 -0.0273226581 0.999149314
1341845860.42978 -0.178565017 0.146754048 -0.380786242 -0.0293386456 -0.00775993023 -0.0288522695 0.999122902
1341845860.46192 -0.174524763 0.142510363 -0.37758961 -0.0302803819 -0.011982163 -0.0289259799 0.999050957
1341845860.49373 -0.17227813 0.143915811 -0.376839975 -0.0296860425 -0.0140432669 -0.0282563635 0.999061111
1341845860.52984 -0.173140593 0.145702763 -0.383745618 -0.0296580361 -0.0158992241 -0.0272537408 0.999061985
1341845860.56796 -0.170482006 0.150906618 -0.384881565 -0.0305698105 -0.0177160274 -0.0274774349 0.998997808
1341845860.60433 -0.168937084 0.149904303 -0.386228378 -0.0324056116 -0.0184888217 -0.0302158708 0.998846856
1341845860.63881 -0.170180907 0.14646763 -0.383642779 -0.0342772437 -0.0192359443 -0.0298585569 0.998781015
1341845860.66879 -0.173232132 0.14393834 -0.380923735 -0.0349109034 -0.020892221 -0.0279372928 0.998781383
1341845860.70634 -0.171848828 0.146207084 -0.380356432 -0.033523941 -0.0228407246 -0.0258574538 0.998842249
1341845860.73711 -0.174161384 0.153673534 -0.384185376 -0.0335026823 -0.0240369938 -0.0244974623 0.998849172
1341845860.77316 -0.176677494 0.149366743 -0.386146107 -0.0359720239 -0.0275966823 -0.0229200271 0.998708721
1341845860.80385 -0.172217505 0.155243965 -0.387978896 -0.0360722514 -0.030561899 -0.024418786 0.998583239
1341845860.87174 -0.178634303 0.151354284 -0.385539711 -0.0392308781 -0.033717264 -0.0232401458 0.998390695
1341845860.88546 -0.17278425 0.154279867 -0.38890596 -0.0383214226 -0.036676124 -0.0240890525 0.998301582
1341845860.92978 -0.171687566 0.157030466 -0.386743391 -0.0390243597 -0.036688285 -0.0260830233 0.998223795
1341845860.96615 -0.17609515 0.151733836 -0.385012763 -0.0398654923 -0.0372260359 -0.0275009718 0.998132587
1341845860.99784 -0.175197398 0.149768972 -0.383202349 -0.038832779 -0.0388819197 -0.0271147753 0.998120734
1341845861.02997 -0.17366499 0.152030412 -0.387745754 -0.037147306 -0.0399494447 -0.0272719195 0.998138448
1341845861.06582 -0.172209106 0.157247599 -0.385345294 -0.0376436495 -0.0393314815 -0.0291803314 0.998090426
1341845861.09764 -0.172774664 0.148946522 -0.381289717 -0.0377781043 -0.0389570942 -0.0301307807 0.998071789
1341845861.13379 -0.170997558 0.153499999 -0.383207371 -0.0366137033 -0.0381651491 -0.0304574314 0.998135864
1341845861.16566 -0.171501977 0.155217243 -0.381940483 -0.0377171066 -0.0369846702 -0.0308620821 0.998126789
1341845861.19774 -0.17212083 0.147027379 -0.380518707 -0.0380953303 -0.0360378699 -0.0308799369 0.998146506
1341845861.23369 -0.167366239 0.150206843 -0.381366966 -0.0368475961 -0.0351908967 -0.0307202536 0.998228492
1341845861.26572 -0.173382116 0.146651173 -0.377099317 -0.0372221686 -0.0339527509 -0.0295383696 0.998293146
1341845861.29771 -0.171313382 0.148793062 -0.381519669 -0.036226096 -0.0345677687 -0.028058757 0.998351364
1341845861.33362 -0.165429996 0.152842902 -0.380070566 -0.0369753049 -0.0335840644 -0.0292230988 0.99832407
1341845861.3657 -0.17321264 0.145226649 -0.371631364 -0.037627429 -0.0323701938 -0.02874491 0.998353683
1341845861.40996 -0.169936231 0.14914268 -0.37759526 -0.0357137183 -0.0339565594 -0.0269489594 0.998421372
1341845861.44143 -0.169241663 0.146291012 -0.374465581 -0.0363143757 -0.0337454648 -0.0272330102 0.998399155
1341845861.47263 -0.169448194 0.144000631 -0.373416661 -0.0352351936 -0.0335456104 -0.0276187216 0.998433963
1341845861.50764 -0.168837137 0.148419222 -0.374664129 -0.0349115489 -0.0338281148 -0.0284740944 0.998411773
1341845861.53968 -0.169361106 0.140732243 -0.37293128 -0.0350348462 -0.0341810048 -0.0290576943 0.99837862
1341845861.5718 -0.167447086 0.144802373 -0.37590844 -0.0340264338 -0.0334752312 -0.0295721483 0.998422305
1341845861.60777 -0.170117792 0.145272354 -0.370202409 -0.0345036902 -0.0332765631 -0.029625378 0.998410989
1341845861.64007 -0.168632852 0.140313752 -0.366598215 -0.0339141127 -0.0334829521 -0.0299176342 0.998415575
1341845861.67188 -0.167755069 0.141183131 -0.366027309 -0.0323251781 -0.0331955763 -0.0291056577 0.998501876
1341845861.70783 -0.167488739 0.138172432 -0.363506348 -0.0311517028 -0.0333233607 -0.0293925606 0.998526516
1341845861.73979 -0.162980174 0.143145017 -0.366228582 -0.029083069 -0.0330060115 -0.0338851391 0.998457098
1341845861.77572 -0.162365759 0.143968178 -0.365104113 -0.0304466098 -0.0314072622 -0.0386405579 0.998295295
1341845861.80768 -0.164126237 0.136093219 -0.358638473 -0.0314171296 -0.0314641989 -0.0381578569 0.998281997
1341845861.83971 -0.162982552 0.136030864 -0.359789699 -0.0295689636 -0.0331130281 -0.0360111784 0.998364863
1341845861.87578 -0.160401023 0.138205872 -0.358729183 -0.0289638576 -0.0344859904 -0.0356659695 0.998348511
1341845861.90775 -0.157797074 0.13754811 -0.359043858 -0.0289382351 -0.0349530963 -0.034641564 0.998369081
1341845861.93971 -0.159561025 0.134312483 -0.356677026 -0.0288912084 -0.0353115571 -0.0334796651 0.998397468
1341845861.97567 -0.158136925 0.138224449 -0.358477136 -0.0277698956 -0.036665212 -0.0348540579 0.998333456
1341845862.00794 -0.152133348 0.138913458 -0.357806879 -0.0283514681 -0.0364298623 -0.0370116195 0.998248065
1341845862.03968 -0.155837494 0.13040052 -0.353558992 -0.028266405 -0.0349604561 -0.0362088434 0.998332458
1341845862.07575 -0.152446705 0.131514698 -0.351280194 -0.0254886402 -0.0343321968 -0.0345374993 0.998488253
1341845862.10765 -0.146146077 0.13453724 -0.360260659 -0.0235041157 -0.0329145211 -0.0353105891 0.998557636
1341845862.14394 -0.144412016 0.144167791 -0.360344296 -0.0242811647 -0.0293844595 -0.0380044141 0.998550271
1341845862.17603 -0.150512459 0.140699698 -0.355798787 -0.0272318741 -0.0274712169 -0.0382620804 0.998518788
1341845862.20768 -0.145140548 0.143174375 -0.360764656 -0.0284456897 -0.0270510439 -0.0400532503 0.998426172
1341845862.24383 -0.145322464 0.152070633 -0.360459414 -0.0316823352 -0.0245453147 -0.0417878037 0.998322361
1341845862.27576 -0.15166721 0.142372916 -0.352281039 -0.0361941445 -0.0239246441 -0.0403339524 0.998243842
1341845862.31176 -0.150650257 0.137047615 -0.346928384 -0.0362860242 -0.0249725707 -0.0365728344 0.998359716
1341845862.34375 -0.146005029 0.139281062 -0.351324477 -0.0347766526 -0.0242184408 -0.0337677416 0.998530816
1341845862.3758 -0.141275474 0.138662753 -0.352233208 -0.0340613305 -0.0219935116 -0.0313062891 0.998687152
1341845862.41176 -0.140925226 0.136917631 -0.347085433 -0.0329958168 -0.0189797024 -0.0295510947 0.998838215
1341845862.44371 -0.140483535 0.136065178 -0.344953905 -0.0307697426 -0.0161728302 -0.0255384987 0.999069291
1341845862.4797 -0.139494427 0.134189284 -0.34561364 -0.0285264602 -0.0142319261 -0.0231403681 0.999223807
1341845862.51173 -0.131559694 0.142191284 -0.355289462 -0.0269932329 -0.0117988651 -0.0234989578 0.999289723
1341845862.54379 -0.138592838 0.139984424 -0.348262715 -0.0284672739 -0.0089238254 -0.0236803124 0.999274348
1341845862.57988 -0.138570232 0.137466233 -0.347679796 -0.0276481259 -0.00864914726 -0.0224255654 0.999328708
1341845862.61177 -0.133061061 0.140316606 -0.352296662 -0.0264913219 -0.00765331478 -0.0219316528 0.999379127
1341845862.64794 -0.131547526 0.144423552 -0.354777427 -0.0264260085 -0.00522860817 -0.0227491364 0.999378209
1341845862.68002 -0.135118148 0.138961873 -0.349123419 -0.0275975953 -0.00332630069 -0.0223844398 0.99936292
1341845862.71233 -0.134404144 0.142708418 -0.352418315 -0.0260577486 -0.00257356661 -0.0220411168 0.999414108
1341845862.74775 -0.131919994 0.144302452 -0.354583409 -0.0259154052 -0.000597053645 -0.0236143554 0.99938501
1341845862.77976 -0.132668876 0.137569104 -0.351216812 -0.025790462 0.00128130383 -0.0237683746 0.999383948
1341845862.81577 -0.137475495 0.139268575 -0.353842485 -0.0240368774 0.00156877994 -0.0243764383 0.999412606
1341845862.84793 -0.137291505 0.140908173 -0.353195956 -0.0236281368 0.000787373454 -0.0247607827 0.999413826
1341845862.87972 -0.139780466 0.139512961 -0.354784387 -0.0232666168 9.50409838e-05 -0.0251931572 0.999411807
1341845862.91603 -0.140624782 0.140722261 -0.354833665 -0.023101153 -0.000959028646 -0.025222251 0.999414456
1341845862.9482 -0.137013416 0.136974793 -0.352102197 -0.0222394122 -0.00140064004 -0.0249461251 0.999440412
1341845862.98375 -0.135004482 0.141758109 -0.358914752 -0.0202259238 9.05398249e-05 -0.0250760676 0.999480913
1341845863.01587 -0.139380725 0.143367149 -0.358555497 -0.0211619061 0.00154655381 -0.0251172922 0.999459306
1341845863.04862 -0.140703194 0.138308963 -0.356677312 -0.0217768783 0.000877222615 -0.0255788406 0.999435201
1341845863.0838 -0.138168723 0.143103732 -0.359025983 -0.0203226282 0.00116690089 -0.026987031 0.999428501
1341845863.11582 -0.142562263 0.142787723 -0.35799258 -0.021740091 0.00164995398 -0.0270397442 0.999396567
1341845863.15227 -0.143767902 0.137410373 -0.358544092 -0.0217037426 0.00034947197 -0.0262638513 0.999419349
1341845863.18372 -0.140597269 0.142596797 -0.359472303 -0.0204900103 -0.000386322962 -0.0260018694 0.999451806
1341845863.21613 -0.142294082 0.143508606 -0.359721485 -0.0209268725 6.30738507e-05 -0.0263367664 0.999434058
1341845863.25224 -0.140430531 0.145649189 -0.361114829 -0.0215973529 0.000274525701 -0.0266458341 0.999411566
1341845863.28363 -0.140844343 0.141240632 -0.359351454 -0.0227062628 0.000494289964 -0.0258407915 0.999408042
1341845863.31598 -0.141609448 0.144234684 -0.360856871 -0.0221232351 0.000573049115 -0.0255798066 0.99942779
